NO.,Constituency,Registered Voters,Voters,Valid Voters,Invalid Voters,Anna E. Mgwihira,Chief L. Yemba,Dkt. John P. Magufuli,Edward N. Lowassa,Hashim R. Spunda,Kasambala J. Malik,Elifatio M. Lyimo,Dovutwa F. Nassoro,,,,,,,,,,,,,,,,,,,,
1,ARUSHA MJINI,317664,221350,217242,4108,464,245,65107,150786,552,19,44,25,ARUSHA,,,,,,,,,,,,,,,,,,,
2,MONDULI,80282,61296,61296,0,107,43,11355,49675,91,6,11,8,,,,,,,,,,,,,,,,,,,,
3,ARUMERU MAGHARIBI,190857,136482,134692,1790,524,250,27658,105720,388,58,54,40,,,,,,,,,,,,,,,,,,,,
4,KARATU,115693,93545,91510,2035,201,138,44661,46319,148,12,20,11,,,,,,,,,,,,,,,,,,,,
5,LONGIDO,57808,41005,40244,761,118,49,14621,25361,66,9,11,9,,,,,,,,,,,,,,,,,,,,
6,ARUMERU MASHARIKI,160647,123253,120978,2275,364,220,31040,88912,320,43,51,28,,,,,,,,,,,,,,,,,,,,
7,NGORONGORO,81611,53044,52873,171,147,51,12106,40500,63,3,2,1,,,,,,,,,,,,,,,,,,,,
,,1004562,729975,718835,11140,1925,996,206548,507273,1628,150,193,122,,,,,,,,,,,,,,,,,,,,
,,,,,,,,,,,,,,,,,,,,,,,,,,,,,,,,,
8,ILALA,124332,75396,74198,1198,184,189,37329,36330,136,7,8,15,DAR ES SALAAM,,,,,,,,,,,,,,,,,,,
9,SEGEREA,366547,220581,220581,0,582,666,99168,119356,630,51,82,46,,,,,,,,,,,,,,,,,,,,
10,UKONGA,300605,186426,179806,6620,564,543,"86,188","92,145",269,42,28,27,,,,,,,,,,,,,,,,,,,,
11,KAWE,352668,179731,177168,2563,475,247,"84,870","90,665",844,18,22,27,,,,,,,,,,,,,,,,,,,,
12,KIBAMBA,229574,136533,133966,2567,259,83,"58,171","75,282",120,18,22,11,,,,,,,,,,,,,,,,,,,,
13,KINONDONI,261305,163328,156546,6782,456,546,"71,177","83,421",850,31,17,48,,,,,,,,,,,,,,,,,,,,
14,UBUNGO,293683,165584,156906,8678,332,74,"61,438","78,555",594,15,30,22,,,,,,,,,,,,,,,,,,,,
15,KIGAMBONI,124614,78132,76037,2095,238,77,"35,735","39,754",190,16,13,14,,,,,,,,,,,,,,,,,,,,
16,MBAGALA,336468,190770,184315,6455,566,250,"88,023","94,975",369,58,44,30,,,,,,,,,,,,,,,,,,,,
17,TEMEKE,417612,237970,233365,4605,738,834,"106,612","124,276",613,195,54,43,,,,,,,,,,,,,,,,,,,,
,,2807408,1634451,1592888,41563,4394,3509,728711,834759,4615,451,320,283,,,,,,,,,,,,,,,,,,,,
,,,,,,,,,,,,,,,,,,,,,,,,,,,,,,,,,
18,KONDOA MJINI,35684,22584,22527,57,117,85,"15,113","7,102",72,16,33,42,DODOMA,,,,,,,,,,,,,,,,,,,
19,BAHI,103668,67993,63442,4551,488,241,"51,138","11,340",113,31,11,11,,,,,,,,,,,,,,,,,,,,
20,CHILONWA,73490,53375,51923,1452,595,147,"44,116","6,911",78,28,49,42,,,,,,,,,,,,,,,,,,,,
21,MTERA,83608,55299,54105,1194,288,163,"46,392","7,128",52,40,22,26,,,,,,,,,,,,,,,,,,,,
22,CHEMBA,109521,76689,74025,2664,647,483,"51,594","20,800",311,69,19,23,,,,,,,,,,,,,,,,,,,,
23,KONDOA,90469,65742,64148,1594,558,384,"41,143","21,564",361,50,57,64,,,,,,,,,,,,,,,,,,,,
24,KONGWA,149810,99001,96408,2593,548,839,"81,877","12,950",94,32,43,45,,,,,,,,,,,,,,,,,,,,
25,KIBAKWE,69013,47140,46021,1119,510,441,"36,830","8,018",124,43,35,33,,,,,,,,,,,,,,,,,,,,
26,MPWAPWA,72077,46412,46412,0,280,153,"37,480","8,230",214,19,28,27,,,,,,,,,,,,,,,,,,,,
27,DODOMA MJINI,278509,175655,165663,9992,749,307,"110,634","53,580",272,46,17,19,,,,,,,,,,,,,,,,,,,,
,,1065849,709890,684674,25216,4780,3243,"516,317","157,623",1691,374,314,332,,,,,,,,,,,,,,,,,,,,
,,,,,,,,,,,,,,,,,,,,,,,,,,,,,,,,,
28,"NYANG""HWALE",70137,48529,46676,1853,301,159,"35,728","10,315",105,21,30,17,GEITA,,,,,,,,,,,,,,,,,,,
29,BUKOMBE,129593,82263,79135,3128,487,232,"50,063","28,106",165,22,34,26,,,,,,,,,,,,,,,,,,,,
30,BUSANDA,178068,114955,110453,4502,575,264,"73,834","35,373",277,30,44,56,,,,,,,,,,,,,,,,,,,,
31,GEITA,109190,69778,65198,4580,377,371,"45,472","18,640",241,32,37,28,,,,,,,,,,,,,,,,,,,,
32,MBOGWE,100669,58837,57403,1434,478,161,"44,558","12,040",86,28,25,27,,,,,,,,,,,,,,,,,,,,
33,GEITA MJINI,104680,70374,69158,1216,228,99,"43,576","25,030",181,12,14,18,,,,,,,,,,,,,,,,,,,,
34,CHATO,188029,117485,113093,4392,538,377,"83,820","27,936",329,37,30,26,,,,,,,,,,,,,,,,,,,,
,,880366,562221,541116,21105,2984,1663,"377,051","157,440",1384,182,214,198,,,,,,,,,,,,,,,,,,,,
,,,,,,,,,,,,,,,,,,,,,,,,,,,,,,,,,
35,IRINGA MJINI,108499,77105,76243,862,224,338,"36,584","38,860",209,5,11,12,IRINGA,,,,,,,,,,,,,,,,,,,
36,MAFINGA MJINI,49262,32563,32049,514,81,49,"19,597","12,282",25,4,5,6,,,,,,,,,,,,,,,,,,,,
37,ISMANI,57684,42933,42329,604,127,66,"26,766","15,303",43,6,12,6,,,,,,,,,,,,,,,,,,,,
38,KALENGA,74993,58932,58532,400,376,165,"40,896","16,890",116,31,25,33,,,,,,,,,,,,,,,,,,,,
39,KILOLO,110471,82079,79706,2373,477,645,"52,517","25,424",484,64,53,42,,,,,,,,,,,,,,,,,,,,
40,MUFINDI KASKAZINI,47141,36076,35104,972,294,168,"26,412","8,085",87,17,12,29,,,,,,,,,,,,,,,,,,,,
41,MUFINDI KUSINI,75295,54927,54626,301,468,180,"40,477","13,305",99,31,34,32,,,,,,,,,,,,,,,,,,,,
,,523345,384615,378589,6026,2047,1611,"243,249","130,149",1063,158,152,160,,,,,,,,,,,,,,,,,,,,
,,,,,,,,,,,,,,,,,,,,,,,,,,,,,,,,,
42,BUKOBA MJINI,70821,53710,53710,0,92,28,"27,620","25,898",54,3,8,7,KAGERA,,,,,,,,,,,,,,,,,,,
43,BIHARAMULO MAGHARIBI,124553,74756,74756,0,605,341,"44,943","28,576",196,36,35,24,,,,,,,,,,,,,,,,,,,,
44,BUKOBA VIJIJINI,132375,100995,98483,2512,406,304,"64,839","32,346",458,50,44,36,,,,,,,,,,,,,,,,,,,,
45,KARAGWE,127718,106413,104595,1818,351,198,"62,159","41,676",121,27,51,12,,,,,,,,,,,,,,,,,,,,
46,KYERWA,121729,101091,99660,1431,215,131,"56,570","42,563",130,5,27,19,,,,,,,,,,,,,,,,,,,,
47,NKENGE,96553,70891,69250,1641,307,208,"42,568","25,840",260,26,27,14,,,,,,,,,,,,,,,,,,,,
48,MULEBA KASKAZINI,83144,61814,60086,1728,179,121,"37,528","22,125",95,11,15,12,,,,,,,,,,,,,,,,,,,,
49,MULEBA KUSINI,163247,121921,118090,3831,325,725,"77,918","38,888",162,34,17,21,,,,,,,,,,,,,,,,,,,,
50,NGARA,126795,95407,92602,2805,339,548,"61,765","29,626",249,25,27,23,,,,,,,,,,,,,,,,,,,,
,,1046935,786998,771232,15766,2819,2604,"475,910","287,538",1725,217,251,168,,,,,,,,,,,,,,,,,,,,
,,,,,,,,,,,,,,,,,,,,,,,,,,,,,,,,,
51,KONDE,9299,7730,7501,229,22,31,754,"6,533",107,16,14,24,KASKAZINI PEMBA,,,,,,,,,,,,,,,,,,,
52,MICHEWENI,8636,7453,7022,431,24,47,"1,415","5,194",181,36,49,76,,,,,,,,,,,,,,,,,,,,
53,TUMBE,7701,6509,6330,179,26,23,389,"5,778",58,18,13,25,,,,,,,,,,,,,,,,,,,,
54,WINGWI,6743,5899,5714,185,16,22,409,"5,086",88,22,18,53,,,,,,,,,,,,,,,,,,,,
55,GANDO,8465,7024,6917,107,11,23,881,"5,903",49,14,11,25,,,,,,,,,,,,,,,,,,,,
56,KOJANI,13686,11885,11813,72,27,36,"1,561","9,982",108,54,27,18,,,,,,,,,,,,,,,,,,,,
57,MGOGONI,9075,7539,7401,138,12,31,710,"6,506",89,12,8,33,,,,,,,,,,,,,,,,,,,,
58,MTAMBWE,9026,7620,7513,107,9,28,428,"6,937",58,12,21,20,,,,,,,,,,,,,,,,,,,,
59,WETE,8574,6254,6182,72,18,22,958,"5,119",28,11,16,10,,,,,,,,,,,,,,,,,,,,
,,81205,67913,66393,1520,165,263,7505,"57,038",766,195,177,284,,,,,,,,,,,,,,,,,,,,
,,,,,,,,,,,,,,,,,,,,,,,,,,,,,,,,,
60,CHAANI,10408,7973,7509,464,24,70,"4,689","2,585",65,35,23,18,KASKAZINI UNGUJA,,,,,,,,,,,,,,,,,,,
61,KIJINI,9091,6850,6809,41,144,90,"2,703","3,551",163,46,55,57,,,,,,,,,,,,,,,,,,,,
62,MKWAJUNI,11222,8658,8383,275,26,80,"4,686","3,314",126,48,58,45,,,,,,,,,,,,,,,,,,,,
63,NUNGWI,11918,9729,9354,375,47,100,"4,135","4,853",84,36,42,57,,,,,,,,,,,,,,,,,,,,
64,TUMBATU,12276,10046,9891,155,21,51,"5,720","3,967",72,18,27,15,,,,,,,,,,,,,,,,,,,,
65,BUMBWINI,7625,5766,5540,226,11,66,"2,503","2,822",79,22,18,19,,,,,,,,,,,,,,,,,,,,
66,DONGE,8292,6994,6682,312,5,22,"5,592","1,019",23,10,4,7,,,,,,,,,,,,,,,,,,,,
67,KIWENGWA,6402,4670,4525,145,15,24,"3,317","1,104",27,9,19,10,,,,,,,,,,,,,,,,,,,,
68,MAHONDA,8741,6606,6350,256,9,58,"4,760","1,449",37,14,12,11,,,,,,,,,,,,,,,,,,,,
,,85975,67292,65043,2249,302,561,"38,105","24,664",676,238,258,239,,,,,,,,,,,,,,,,,,,,
,,,,,,,,,,,,,,,,,,,,,,,,,,,,,,,,,
69,MPANDA MJINI,84297,50623,49723,900,239,63,"32,770","16,569",54,8,9,11,KATAVI,,,,,,,,,,,,,,,,,,,
70,KATAVI,23598,13776,13118,658,118,25,"9,148","3,793",20,5,2,7,,,,,,,,,,,,,,,,,,,,
71,MPANDA VIJIJINI,95899,52529,51043,1486,699,121,"37,321","12,791",53,27,18,13,,,,,,,,,,,,,,,,,,,,
72,KAVUU,58206,30813,30060,753,157,166,"21,483","8,083",145,13,4,9,,,,,,,,,,,,,,,,,,,,
73,NSIMBO,59475,38402,37783,619,183,64,"31,413","6,042",46,6,14,15,,,,,,,,,,,,,,,,,,,,
,,321475,186143,181727,4416,1396,439,"132,135","47,278",318,59,47,55,,,,,,,,,,,,,,,,,,,,
,,,,,,,,,,,,,,,,,,,,,,,,,,,,,,,,,
74,KIGOMA MJINI,97464,63944,62559,1385,"5,967",147,"44,691","11,220",485,16,17,16,KIGOMA,,,,,,,,,,,,,,,,,,,
75,KASULU MJINI,86528,52670,51330,1340,"2,226",547,"32,297","l5,762",241,75,53,129,,,,,,,,,,,,,,,,,,,,
76,BUHIGWE,87779,61887,59945,1942,817,224,"37,162","21,334",254,62,49,43,,,,,,,,,,,,,,,,,,,,
77,BUYUNGU,61980,49437,48386,1051,328,336,"27,329","20,182",135,23,36,17,,,,,,,,,,,,,,,,,,,,
78,KASULU VIJIJINI,120204,75013,73369,1644,"2,829",673,"41,408","27,601",472,198,83,105,,,,,,,,,,,,,,,,,,,,
79,MUHAMBWE,95755,64820,63215,1605,"1,302",432,"37,746","22,804",530,104,119,178,,,,,,,,,,,,,,,,,,,,
80,KIGOMA KASKAZINI,94773,65542,64106,1436,"3,555",201,"43,804","16,092",387,26,28,13,,,,,,,,,,,,,,,,,,,,
81,KIGOMA KUSINI,144909,85165,83021,2144,"1,814",480,"50,278","29,798",331,167,68,85,,,,,,,,,,,,,,,,,,,,
,,789392,518478,505931,12547,"18,838",3040,"314,715","149,031",2835,671,453,586,,,,,,,,,,,,,,,,,,,,
,,,,,,,,,,,,,,,,,,,,,,,,,,,,,,,,,
82,MOSHI MJINI,114201,79814,79798,16,149,186,"28,909","49,379","1,154",8,7,6,KILIMANJARO,,,,,,,,,,,,,,,,,,,
83,HAI,107512,81000,79378,1622,263,195,"29,341","49,125",365,22,34,33,,,,,,,,,,,,,,,,,,,,
84,MOSHI VIJIJINI,112616,82782,81189,1593,429,249,"25,017","54,823",561,45,39,26,,,,,,,,,,,,,,,,,,,,
85,VUNJO,113815,84083,82660,1423,527,443,"23,206","57,649",462,73,266,34,,,,,,,,,,,,,,,,,,,,
86,MWANGA,60302,41229,41229,0,150,113,"25,738","15,148",56,8,8,8,,,,,,,,,,,,,,,,,,,,
87,ROMBO,111471,82862,81169,1693,592,502,"21,908","57,715",339,28,40,45,,,,,,,,,,,,,,,,,,,,
88,SAME MAGHARIBI,69609,45440,44466,974,246,301,"24,082","19,277",522,11,16,11,,,,,,,,,,,,,,,,,,,,
89,SAME MASHARIKI,51764,37570,36767,803,203,75,"18,520","17,874",71,7,8,9,,,,,,,,,,,,,,,,,,,,
90,SIHA,55038,41330,41245,85,155,81,"18,252","22,572",153,10,16,6,,,,,,,,,,,,,,,,,,,,
,,796328,576110,567901,8209,2714,2145,"214,973","343,562","3,683",212,434,178,,,,,,,,,,,,,,,,,,,,
,,,,,,,,,,,,,,,,,,,,,,,,,,,,,,,,,
91,CHAKECHAKE,8931,6797,6596,201,15,34,"1,253","5,209",44,16,11,14,KUSINI PEMBA,,,,,,,,,,,,,,,,,,,
92,CHONGA,8018,5949,5771,178,22,41,"1,740","3,800",85,28,34,21,,,,,,,,,,,,,,,,,,,,
93,OLE,7884,6390,6074,316,10,40,681,"5,251",46,19,14,13,,,,,,,,,,,,,,,,,,,,
94,WAWI,11090,7351,7200,151,19,112,"1,748","5,216",57,16,14,18,,,,,,,,,,,,,,,,,,,,
95,ZIWANI,8364,7051,6811,240,17,21,592,"6,067",68,11,16,19,,,,,,,,,,,,,,,,,,,,
96,CHAMBANI,8715,6454,6340,114,15,50,818,"5,319",63,20,19,36,,,,,,,,,,,,,,,,,,,,
97,KIWANI,7816,6459,6173,286,27,71,"1,661","4,229",96,28,22,39,,,,,,,,,,,,,,,,,,,,
98,MKOANI,13818,11245,10980,265,20,60,"3,341","7,368",87,44,33,27,,,,,,,,,,,,,,,,,,,,
99,MTAMBILE,8909,7057,6946,111,7,41,902,"5,875",56,22,18,25,,,,,,,,,,,,,,,,,,,,
,,83545,64753,62891,1862,152,470,"12,736","48,334",602,204,181,212,,,,,,,,,,,,,,,,,,,,
,,,,,,,,,,,,,,,,,,,,,,,,,,,,,,,,,
100,CHWAKA,11635,8777,8601,176,28,37,"6,537","1,864",61,26,29,19,KUSINI UNGUJA,,,,,,,,,,,,,,,,,,,
101,TUNGUU,13508,11934,11688,246,18,72,"8,519","2,923",88,24,24,20,,,,,,,,,,,,,,,,,,,,
102,UZINI,16641,12905,12674,231,30,56,"10,879","1,624",41,22,7,19,,,,,,,,,,,,,,,,,,,,
103,MAKUNDUCHI,12742,10682,10352,330,22,58,"8,406","1,769",68,23,18,18,,,,,,,,,,,,,,,,,,,,
104,PAJE,10276,8326,8047,279,36,21,"6,035","1,899",28,8,8,7,,,,,,,,,,,,,,,,,,,,
,,64802,52624,51362,1262,134,244,"40,376","10,079",286,103,86,83,,,,,,,,,,,,,,,,,,,,
,,,,,,,,,,,,,,,,,,,,,,,,,,,,,,,,,
105,LINDI MJINI,49098,38982,38982,0,123,103,"21,088","17,607",91,11,6,13,LINDI,,,,,,,,,,,,,,,,,,,
106,KILWA KASKAZINI,45801,34005,33040,965,231,233,"17,553","14,722",167,45,48,41,,,,,,,,,,,,,,,,,,,,
107,KILWA KUSINI,60395,42315,41638,677,139,162,"18,767","22,377",103,25,21,44,,,,,,,,,,,,,,,,,,,,
108,MCHINGA,36552,27434,27434,0,203,161,"13,948","12,936",103,37,14,32,,,,,,,,,,,,,,,,,,,,
109,MTAMA,73734,51903,51903,0,458,557,"29,625","20,841",244,52,58,68,,,,,,,,,,,,,,,,,,,,
110,LIWALE,55777,44360,43796,564,138,146,"19,967","23,176",231,30,37,71,,,,,,,,,,,,,,,,,,,,
111,NACHINGWEA,106762,81231,78412,2819,461,687,"46,485","30,252",331,76,60,60,,,,,,,,,,,,,,,,,,,,
112,RUANGWA,83139,62172,62172,0,319,248,"34,516","26,827",173,29,39,28,,,,,,,,,,,,,,,,,,,,
,,1142120,849846,835389,14457,3409,3676,"342,285","477,995","5,550",837,974,781,,,,,,,,,,,,,,,,,,,,
,,,,,,,,,,,,,,,,,,,,,,,,,,,,,,,,,
113,BABATI MJINI,54401,40291,39608,683,99,48,"22,234","17,001",205,9,8,4,MANYARA,,,,,,,,,,,,,,,,,,,
114,BABATI VIJIJINI,144070,113587,110505,3082,409,249,"67,183","42,334",237,33,39,21,,,,,,,,,,,,,,,,,,,,
115,HANANG,127194,99464,96699,2765,447,422,"63,205","32,367",170,25,39,24,,,,,,,,,,,,,,,,,,,,
116,KITETO,110217,75195,73703,1492,172,282,"41,862","31,268",88,17,9,5,,,,,,,,,,,,,,,,,,,,
117,MBULU MJINI,57569,47109,45810,1299,435,119,"28,713","16,450",47,12,21,13,,,,,,,,,,,,,,,,,,,,
118,MBULU VIJIJINI,80449,65959,64451,1508,204,136,"43,898","20,086",94,6,13,14,,,,,,,,,,,,,,,,,,,,
119,SIMANJIRO,97349,69240,69240,0,136,54,"28,896","40,038",80,8,16,12,,,,,,,,,,,,,,,,,,,,
,,671249,510845,500016,10829,1803,1262,"273,757","182,543",716,101,137,89,,,,,,,,,,,,,,,,,,,,
,,,,,,,,,,,,,,,,,,,,,,,,,,,,,,,,,
120,RORYA,132279,93516,93170,346,438,779,"54,892","36,569",379,27,59,27,MARA,,,,,,,,,,,,,,,,,,,
121,MUSOMA MJINI,82002,59911,59265,646,135,48,"33,658","25,352",50,6,9,7,,,,,,,,,,,,,,,,,,,,
122,BUNDA MJINI,69460,48235,48213,22,338,119,"27,432","20,199",73,20,23,9,,,,,,,,,,,,,,,,,,,,
123,TARIME MJINI,48515,35060,34438,622,177,214,"18,009","15,992",27,5,8,6,,,,,,,,,,,,,,,,,,,,
124,BUNDA,37292,26949,26046,903,116,91,"16,564","9,070",155,11,18,21,,,,,,,,,,,,,,,,,,,,
125,MWIBARA,59436,41908,41502,406,233,354,"29,130","11,493",162,30,84,16,,,,,,,,,,,,,,,,,,,,
126,BUTIAMA,96249,63344,63344,0,303,166,"45,965","16,679",123,35,38,35,,,,,,,,,,,,,,,,,,,,
127,MUSOMA VIJIJINI,98819,71785,69191,2594,560,408,"46,199","21,576",261,62,72,53,,,,,,,,,,,,,,,,,,,,
128,SERENGETI,119485,86150,81891,4259,710,574,"44,424","35,865",215,37,44,22,,,,,,,,,,,,,,,,,,,,
129,TARIME,145937,103042,98949,4093,820,329,"48,635","48,786",231,50,53,45,,,,,,,,,,,,,,,,,,,,
,,889474,629900,616009,13891,3830,3082,"364,908","241,581",1676,283,408,241,,,,,,,,,,,,,,,,,,,,
,,,,,,,,,,,,,,,,,,,,,,,,,,,,,,,,,
130,MBEYA MJINI,239650,166256,164458,1798,384,885,"67,891","95,016",220,27,17,18,MBEYA,,,,,,,,,,,,,,,,,,,
131,TUNDUMA,74422,52797,52167,630,153,150,"19,446","32,219",177,10,8,4,,,,,,,,,,,,,,,,,,,,
132,BUSOKELO,44361,33045,31896,1149,222,182,"18,834","12,596",17,34,11,0,,,,,,,,,,,,,,,,,,,,
133,LUPA,101054,60965,59092,1873,402,450,"37,684","20,175",290,38,34,19,,,,,,,,,,,,,,,,,,,,
134,SONGWE,68139,46631,46071,560,193,226,"30,778","14,738",78,10,13,35,,,,,,,,,,,,,,,,,,,,
135,ILEJE,56002,43997,43098,899,501,347,"26,368","15,651",155,26,30,20,,,,,,,,,,,,,,,,,,,,
136,KYELA,112859,84339,82824,1515,261,338,"44,451","37,563",132,28,28,23,,,,,,,,,,,,,,,,,,,,
137,MBARALI,147835,105810,103372,2438,1169,354,"55,933","45,374",343,107,56,36,,,,,,,,,,,,,,,,,,,,
138,MBEYA VIJIJINI,155709,112964,111004,1960,672,315,"62,662","47,038",201,46,36,34,,,,,,,,,,,,,,,,,,,,
139,MBOZI,96534,74345,72705,1640,368,177,"39,397","32,518",161,17,33,34,,,,,,,,,,,,,,,,,,,,
140,VWAWA,99983,74304,72500,1804,402,185,"39,701","31,956",167,24,33,32,,,,,,,,,,,,,,,,,,,,
141,MOMBA,71579,55338,54099,1239,406,123,"28,978","24,418",114,26,15,19,,,,,,,,,,,,,,,,,,,,
142,RUNGWE,122086,92573,90666,1907,605,308,"47,862","41,534",197,48,57,55,,,,,,,,,,,,,,,,,,,,
,,1390213,1003364,983952,19412,5738,4040,"519,985","450,796",2252,441,371,329,,,,,,,,,,,,,,,,,,,,
,,,,,,,,,,,,,,,,,,,,,,,,,,,,,,,,,
143,AMANI,10124,7809,7624,185,18,40,"4,322",3157,37,23,17,10,MJINI MAGHARIBI,,,,,,,,,,,,,,,,,,,
144,CHUMBUNI,13416,10108,9797,311,31,71,"5,096","4,450",76,27,21,25,,,,,,,,,,,,,,,,,,,,
145,JANG'OMBE,12903,9623,9503,120,20,21,"6,567","2,839",29,9,8,10,,,,,,,,,,,,,,,,,,,,
146,KIKWAJUNI,14146,10253,10070,183,13,18,"6,317","3,669",34,6,9,4,,,,,,,,,,,,,,,,,,,,
147,KWAHANI,13157,9328,9043,285,14,27,6245,"2,689",42,9,8,9,,,,,,,,,,,,,,,,,,,,
148,MAGOMENI,12956,9772,9573,199,10,42,"5,716","3,711",49,18,12,15,,,,,,,,,,,,,,,,,,,,
149,BUBUBU,23875,18278,17620,658,45,74,"10,026","7,332",83,31,29,0,,,,,,,,,,,,,,,,,,,,
150,DIMANI,10266,7516,7327,189,22,48,5292,"1,861",58,18,18,10,,,,,,,,,,,,,,,,,,,,
151,KIJITOUPELE,18016,14265,13973,292,50,53,8075,"5,639",101,17,22,16,,,,,,,,,,,,,,,,,,,,
152,WELEZO,7215,5507,5293,214,10,25,"2,615","2,582",32,15,5,9,,,,,,,,,,,,,,,,,,,,
153,MWANAKWEREKWE,10889,9216,8948,268,12,30,"4,206","4,606",47,18,16,17,,,,,,,,,,,,,,,,,,,,
154,MWERA,16330,12963,12612,351,19,80,"6,430",5865,132,35,23,28,,,,,,,,,,,,,,,,,,,,
155,FUONI,1967,1432,1403,29,3,4,956,420,10,3,3,4,,,,,,,,,,,,,,,,,,,,
156,MFENESINI,10645,8006,7764,242,23,68,"4,496","3,047",58,24,28,20,,,,,,,,,,,,,,,,,,,,
157,KIEMBE SAMAKI,16707,12620,12408,212,22,32,"6,618","5,610",65,19,22,20,,,,,,,,,,,,,,,,,,,,
158,MALINDI,12089,8585,8341,244,20,23,"2,581","5,662",29,12,5,9,,,,,,,,,,,,,,,,,,,,
159,MPENDAE,11311,8503,8351,152,14,23,"4,192","4,048",38,25,4,7,,,,,,,,,,,,,,,,,,,,
160,SHAURIMOYO,13572,9929,9813,116,32,38,5849,"3,731",113,23,13,14,,,,,,,,,,,,,,,,,,,,
,,229584,173713,169463,4250,378,717,"95,599",70918,1033,332,263,227,,,,,,,,,,,,,,,,,,,,
,,,,,,,,,,,,,,,,,,,,,,,,,,,,,,,,,
161,MOROGORO MJINI,232489,155278,152099,3179,450,302,"85,440","65,580",244,22,26,35,MOROGORO,,,,,,,,,,,,,,,,,,,
162,GAIRO,78334,54157,52388,1769,475,187,"44,659","6,925",76,13,23,30,,,,,,,,,,,,,,,,,,,,
163,KILOMBERO,138623,99255,99255,0,232,149,"49,478","49,166",148,28,31,23,,,,,,,,,,,,,,,,,,,,
164,MLIMBA,116523,76182,76182,0,328,106,"39,555","35,994",135,20,21,23,,,,,,,,,,,,,,,,,,,,
165,KILOSA,131869,83679,81594,2085,551,679,"55,839","24,276",150,25,46,28,,,,,,,,,,,,,,,,,,,,
166,MIKUMI,95290,65241,64048,1193,390,"1,082","35,192","26,841",462,28,27,26,,,,,,,,,,,,,,,,,,,,
167,MALINYI,64098,41720,41720,0,121,50,"25,046","16,459",27,4,7,6,,,,,,,,,,,,,,,,,,,,
168,MOROGORO KUSINI,78292,51482,50150,1332,537,304,"35,505","13,586",142,30,22,24,,,,,,,,,,,,,,,,,,,,
169,MOROGORO KUSINI MASHARIKI,70941,47776,44880,2896,535,215,"30,624","13,304",133,16,24,29,,,,,,,,,,,,,,,,,,,,
170,MVOMERO,169351,106048,103695,2353,"1,059",522,"68,179","33,468",276,57,68,66,,,,,,,,,,,,,,,,,,,,
171,ULANGA,76715,54987,53790,1197,522,259,"32,297","20,489",148,23,25,27,,,,,,,,,,,,,,,,,,,,
,,1252525,835805,819801,16004,5200,3855,"501,814","306,088",1941,266,320,317,,,,,,,,,,,,,,,,,,,,
,,,,,,,,,,,,,,,,,,,,,,,,,,,,,,,,,
172,MTWARA MJINI,83837,57519,56669,850,213,110,"25,828","30,195",250,20,34,19,MTWARA,,,,,,,,,,,,,,,,,,,
173,NANYAMBA,53634,44437,42782,1655,361,202,"24,904","16,992",172,39,48,64,,,,,,,,,,,,,,,,,,,,
174,MASASI MJINI,60598,43447,42235,1212,266,210,"24,637","16,778",251,30,43,20,,,,,,,,,,,,,,,,,,,,
175,NEWALA MJINI,49816,38921,38921,0,202,175,"21,269","16,980",160,38,59,38,,,,,,,,,,,,,,,,,,,,
176,LULINDI,59027,45844,44337,1507,528,362,"31,603","11,543",179,43,45,34,,,,,,,,,,,,,,,,,,,,
177,NDANDA,80690,55772,54055,1717,594,409,"33,699","19,017",189,47,51,49,,,,,,,,,,,,,,,,,,,,
178,MTWARA VIJIJINI,69342,51533,51533,0,392,287,"25,938","24,518",225,63,49,61,,,,,,,,,,,,,,,,,,,,
179,NANYUMBU,82398,59451,57590,1861,559,453,"37,351","18,664",320,78,96,69,,,,,,,,,,,,,,,,,,,,
180,NEWALA VIJIJINI,59387,44815,44815,0,412,270,"29,799","13,958",214,43,66,53,,,,,,,,,,,,,,,,,,,,
181,TANDAHIMBA,126891,101289,98182,3107,803,963,"49,098","46,288",565,145,179,141,,,,,,,,,,,,,,,,,,,,
,,725620,543028,531119,11909,4330,3441,"304,126","214,933",2525,546,670,548,,,,,,,,,,,,,,,,,,,,
,,,,,,,,,,,,,,,,,,,,,,,,,,,,,,,,,
182,NYAMAGANA,271688,182045,179135,2910,447,157,"99,890","78,329",259,18,18,17,MWANZA,,,,,,,,,,,,,,,,,,,
183,ILEMELA,234687,152301,150263,2038,702,424,"89,289","59,596",192,15,21,24,,,,,,,,,,,,,,,,,,,,
184,BUCHOSA,159113,100685,95692,4993,526,251,"62,762","31,660",172,43,38,240,,,,,,,,,,,,,,,,,,,,
185,KWIMBA,86199,53760,51509,2251,355,247,"40,544","10,071",173,41,46,32,,,,,,,,,,,,,,,,,,,,
186,SUMVE,76658,46293,44293,2000,189,173,"32,079","11,203",406,50,156,37,,,,,,,,,,,,,,,,,,,,
187,MAGU,146930,103804,101181,2623,434,251,"69,961","30,070",273,75,47,70,,,,,,,,,,,,,,,,,,,,
188,MISUNGWI,151331,96336,81395,14941,710,536,"65,176","14,601",256,40,41,35,,,,,,,,,,,,,,,,,,,,
189,SENGEREMA,152997,104108,98979,5129,307,395,"69,392","28,335",447,30,35,38,,,,,,,,,,,,,,,,,,,,
190,UKEREWE,167084,108068,104068,4000,655,262,"55,091","47,667",299,38,27,29,,,,,,,,,,,,,,,,,,,,
,,1446687,947400,906515,40885,4325,2696,"584,184","311,532",2477,350,429,522,,,,,,,,,,,,,,,,,,,,
,,,,,,,,,,,,,,,,,,,,,,,,,,,,,,,,,
191,NJOMBE MJINI,81298,55472,54597,875,362,111,"33,626","20,368",78,14,21,17,NJOMBE,,,,,,,,,,,,,,,,,,,
192,MAKAMBAKO,59313,41061,40329,732,329,146,"24,103","15,703",57,6,17,11,,,,,,,,,,,,,,,,,,,,
193,LUDEWA,65231,48499,47751,748,324,190,"35,364","11,715",84,29,32,13,,,,,,,,,,,,,,,,,,,,
194,MAKETE,48379,38190,37589,601,291,146,"23,716","13,300",79,15,21,21,,,,,,,,,,,,,,,,,,,,
195,LUPEMBE,42566,30994,30994,0,259,121,"23,061","7,466",51,7,16,13,,,,,,,,,,,,,,,,,,,,
196,WANGING'OMBE,81827,58751,57497,1254,599,483,"42,380","13,737",226,15,33,24,,,,,,,,,,,,,,,,,,,,
,,378614,272967,268757,4210,2164,1197,"182,250","82,289",575,86,140,99,,,,,,,,,,,,,,,,,,,,
,,,,,,,,,,,,,,,,,,,,,,,,,,,,,,,,,
197,KIBAHA MJINI,90939,62102,60545,1557,314,59,"34,604","25,448",77,15,17,11,PWANI,,,,,,,,,,,,,,,,,,,
198,BAGAMOYO,78727,48196,46842,1354,350,121,"29,969","16,245",88,25,21,23,,,,,,,,,,,,,,,,,,,,
199,CHALINZE,123178,77157,74906,2251,450,492,"52,212","21,380",268,35,41,28,,,,,,,,,,,,,,,,,,,,
200,KIBAHA VIJIJINI,50558,33228,32470,758,121,77,"20,805","11,344",82,14,14,13,,,,,,,,,,,,,,,,,,,,
201,KISARAWE,58462,38012,38012,0,235,190,"24,086","13,093",314,26,22,46,,,,,,,,,,,,,,,,,,,,
202,MAFIA,28766,21507,20983,524,146,146,"11,153","9,363",122,15,15,23,,,,,,,,,,,,,,,,,,,,
203,MKURANGA,142510,84483,84483,0,899,581,"45,710","36,478",556,99,97,63,,,,,,,,,,,,,,,,,,,,
204,KIBITI,67175,43338,41273,2065,334,467,"21,142","18,629",432,103,74,92,,,,,,,,,,,,,,,,,,,,
205,RUFIJI,56968,41607,40886,721,236,349,"21,714","18,308",179,34,30,36,,,,,,,,,,,,,,,,,,,,
,,697283,449630,440400,9230,3085,2482,"261,395","170,288",2118,366,331,335,,,,,,,,,,,,,,,,,,,,
,,,,,,,,,,,,,,,,,,,,,,,,,,,,,,,,,
206,SUMBAWANGA MJINI,112862,79865,78423,1442,350,92,"43,542","34,201",105,20,95,18,RUKWA,,,,,,,,,,,,,,,,,,,
207,KALAMBO,93775,70575,68754,1821,555,212,"38,165","29,501",231,27,24,39,,,,,,,,,,,,,,,,,,,,
208,NKASI KASKAZINI,73533,47400,46131,1269,216,82,"25,837","19,891",71,7,15,12,,,,,,,,,,,,,,,,,,,,
209,NKASI KUSINI,54237,36353,35753,600,246,290,"21,572","13,550",64,15,14,2,,,,,,,,,,,,,,,,,,,,
210,KWELA,128844,85790,83742,2048,569,608,"49,196","32,980",256,36,61,36,,,,,,,,,,,,,,,,,,,,
,,463251,319983,312803,7180,1936,1284,"178,312","130,123",727,105,209,107,,,,,,,,,,,,,,,,,,,,
,,,,,,,,,,,,,,,,,,,,,,,,,,,,,,,,,
211,SONGEA MJINI,127738,87820,86266,1554,203,237,"50,544","34,904",334,6,18,20,RUVUMA,,,,,,,,,,,,,,,,,,,
212,MBINGA MJINI,62257,42717,31588,11129,329,161,"29,295","11,695",66,10,16,16,,,,,,,,,,,,,,,,,,,,
213,MADABA,27502,18818,18818,0,134,0,"13,949","4,735",0,0,0,0,,,,,,,,,,,,,,,,,,,,
214,MBINGA VIJIJINI,110808,72545,70354,2191,949,960,"55,895","12,213",185,49,54,49,,,,,,,,,,,,,,,,,,,,
215,NAMTUMBO,107924,70384,68484,1900,566,348,"44,061","23,039",289,44,48,89,,,,,,,,,,,,,,,,,,,,
216,NYASA,70769,46551,45454,1097,386,221,"30,609","14,062",128,19,17,12,,,,,,,,,,,,,,,,,,,,
217,PERAMIHO,66488,45374,44407,967,359,135,"32,505","11,291",66,16,13,22,,,,,,,,,,,,,,,,,,,,
218,TUNDURU KASKAZINI,90052,60029,59469,560,474,517,"34,343","23,715",245,47,55,73,,,,,,,,,,,,,,,,,,,,
219,TUNDURU KUSINI,72068,47269,45825,1444,495,427,"28,165","16,338",189,56,66,89,,,,,,,,,,,,,,,,,,,,
,,735606,491507,470665,20842,3895,3006,"319,366","151,992",1502,247,287,370,,,,,,,,,,,,,,,,,,,,
,,,,,,,,,,,,,,,,,,,,,,,,,,,,,,,,,
220,SHINYANGA MJINI,98312,68745,67444,1301,144,56,"41,692","25,465",56,13,8,10,SHINYANGA,,,,,,,,,,,,,,,,,,,
221,KAHAMA MJINI,149659,89961,87712,2249,346,810,"58,728","27,501",285,18,10,14,,,,,,,,,,,,,,,,,,,,
222,KISHAPU,128179,86125,83534,2591,661,257,"65,173","17,177",122,48,59,37,,,,,,,,,,,,,,,,,,,,
223,MSALALA,117967,64111,62336,1775,346,401,"44,213","16,942",331,46,32,25,,,,,,,,,,,,,,,,,,,,
224,SOLWA,151871,94552,91073,3479,645,444,"66,096","23,510",250,40,40,48,,,,,,,,,,,,,,,,,,,,
225,USHETU,123918,76757,73416,3341,397,170,"51,034","21,585",123,39,32,36,,,,,,,,,,,,,,,,,,,,
,,769906,480251,465515,14736,2539,2138,"326,936","132,180",1167,204,181,170,,,,,,,,,,,,,,,,,,,,
,,,,,,,,,,,,,,,,,,,,,,,,,,,,,,,,,
226,BARIADI,194069,148423,145222,3201,618,254,"85,813","57,922",353,100,70,92,SIMIYU,,,,,,,,,,,,,,,,,,,
227,BUSEGA,103541,70664,67863,2801,458,331,"47,049","19,765",139,41,32,48,,,,,,,,,,,,,,,,,,,,
228,ITILIMA,131044,101186,98777,2409,348,247,"58,039","38,967",761,160,96,159,,,,,,,,,,,,,,,,,,,,
229,MASWA MAGHARIBI,76150,52920,51134,1786,269,235,"37,475","12,857",176,53,41,28,,,,,,,,,,,,,,,,,,,,
230,MASWA MASHARIKI,81146,57295,55773,1522,223,300,"37,265","17,773",122,26,35,29,,,,,,,,,,,,,,,,,,,,
231,KISESA,64394,47976,46679,1297,134,59,"26,042","20,391",46,1,4,2,,,,,,,,,,,,,,,,,,,,
232,MEATU,62825,44696,43234,1462,259,122,"26,675","16,035",107,14,13,9,,,,,,,,,,,,,,,,,,,,
,,713169,523160,508682,14478,2309,1548,"318,358","183,710",1704,395,291,367,,,,,,,,,,,,,,,,,,,,
,,,,,,,,,,,,,,,,,,,,,,,,,,,,,,,,,
233,SINGIDA MJINI,86103,56558,55457,1101,235,87,"36,035","19,007",64,10,12,7,SINGIDA,,,,,,,,,,,,,,,,,,,
234,SINGIDA MAGHARIBI,63126,39922,39922,0,247,106,"28,466","10,949",92,19,24,19,,,,,,,,,,,,,,,,,,,,
235,SINGIDA MASHARIKI,59549,43031,43031,0,188,85,"22,108","20,514",87,7,32,10,,,,,,,,,,,,,,,,,,,,
236,IRAMBA MAGHARIBI,107975,70324,67705,2619,572,"4,950","50,322","11,714",99,15,16,17,,,,,,,,,,,,,,,,,,,,
237,MANYONI MAGHARIBI,62846,36492,35074,1418,233,81,"24,675","9,901",146,15,11,12,,,,,,,,,,,,,,,,,,,,
238,MANYONI MASHARIKI,85821,54909,52766,2143,408,342,"38,946","12,919",91,11,30,19,,,,,,,,,,,,,,,,,,,,
239,IRAMBA MASHARIKI,85367,59258,57742,1516,338,166,"44,116","12,947",97,25,20,33,,,,,,,,,,,,,,,,,,,,
240,SINGIDA KASKAZINI,91562,63494,61465,2029,214,239,"46,231","14,391",318,25,24,23,,,,,,,,,,,,,,,,,,,,
,,642349,423988,413162,10826,2435,6056,"290,899","112,342",994,127,169,140,,,,,,,,,,,,,,,,,,,,
,,,,,,,,,,,,,,,,,,,,,,,,,,,,,,,,,
241,TABORA MJINI,140305,84733,83444,1289,457,153,"52,609","30,027",108,29,21,40,TABORA,,,,,,,,,,,,,,,,,,,
242,NZEGA MJINI,48598,29807,29214,593,84,31,"18,843","10,195",38,7,9,7,,,,,,,,,,,,,,,,,,,,
243,IGUNGA,90745,57780,55928,1852,272,94,"36,796","18,600",105,29,12,20,,,,,,,,,,,,,,,,,,,,
244,MANONGA,81325,48470,46913,1557,270,131,"32,013","14,343",105,13,18,20,,,,,,,,,,,,,,,,,,,,
245,KALIUA,94942,52024,51115,909,"1,342",161,"28,599","19,724",182,32,33,42,,,,,,,,,,,,,,,,,,,,
246,ULYANKURU,73863,44997,43708,1289,565,82,"35,329","7,568",108,28,11,17,,,,,,,,,,,,,,,,,,,,
247,BUKENE,89785,50248,48691,1557,456,230,"36,229","11,380",309,35,21,31,,,,,,,,,,,,,,,,,,,,
248,NZEGA VIJIJINI,85136,45509,43922,1587,418,358,"33,090","9,824",125,32,42,33,,,,,,,,,,,,,,,,,,,,
249,SIKONGE,105139,56222,54237,1985,568,501,"36,729","16,164",152,38,35,50,,,,,,,,,,,,,,,,,,,,
250,URAMBO MASHARIKI,98522,61514,59564,1950,373,133,"36,458","22,385",128,37,30,20,,,,,,,,,,,,,,,,,,,,
251,IGALULA,89319,39950,38063,1887,342,156,"28,747","8,593",137,30,32,26,,,,,,,,,,,,,,,,,,,,
252,TABORA KASKAZINI,95409,53058,51363,1695,508,188,"38,050","12,410",130,25,29,22,,,,,,,,,,,,,,,,,,,,
,,1093088,624312,606162,18150,5655,2218,"413,492","181,213",1627,335,293,328,,,,,,,,,,,,,,,,,,,,
,,,,,,,,,,,,,,,,,,,,,,,,,,,,,,,,,
253,TANGA MJINI,183169,124729,124139,590,508,188,"38,050","12,410",130,25,29,22,TANGA,,,,,,,,,,,,,,,,,,,
254,HANDENI MJINI,38597,25337,24126,1211,401,512,"65,340","56,939",824,32,45,46,,,,,,,,,,,,,,,,,,,,
255,KOROGWE MJINI,39077,26968,26430,538,194,291,"17,539","5,986",67,14,18,17,,,,,,,,,,,,,,,,,,,,
256,BUMBULI,66159,44011,44011,0,151,37,"17,168","9,034",27,1,8,4,,,,,,,,,,,,,,,,,,,,
257,HANDENI VIJIJINI,119435,67705,64900,2805,445,180,"34,410","7,928",85,15,15,25,,,,,,,,,,,,,,,,,,,,
258,KILINDI,122387,46310,44830,1480,587,"1,226","42,949","17,212",711,56,56,73,,,,,,,,,,,,,,,,,,,,
259,KOROGWE VIJIJINI,104567,82225,72225,10000,324,221,"33,942","12,123",150,31,27,22,,,,,,,,,,,,,,,,,,,,
260,LUSHOTO,57178,38620,37784,836,511,217,"51,964","19,050",380,34,27,25,,,,,,,,,,,,,,,,,,,,
261,MLALO,69589,45762,43364,2398,508,188,"38,050","12,410",130,25,29,22,,,,,,,,,,,,,,,,,,,,
262,MKINGA,58170,36788,31788,5000,401,512,"65,340","56,939",824,32,45,46,,,,,,,,,,,,,,,,,,,,
263,MUHEZA,110655,79170,76857,2313,194,291,"17,539","5,986",67,14,18,17,,,,,,,,,,,,,,,,,,,,
264,PANGANI,31394,24767,24428,339,151,37,"17,168","9,034",27,1,8,4,,,,,,,,,,,,,,,,,,,,
,,1000377,642392,614882,27510,4375,3900,"439,459","225,051",3422,280,325,323,,,,,,,,,,,,,,,,,,,,
,,,,,,,,,,,,,,,,,,,,,,,,,,,,,,,,,
,,,,,,,,,,,,,,,,,,,,,,,,,,,,,,,,,
,,,,,,,,,,,,,,,,,,,,,,,,,,,,,,,,,
,,,,,,,,,,,,,,,,,,,,,,,,,,,,,,,,,
,,,,,,,,,,,,,,,,,,,,,,,,,,,,,,,,,
,,,,,,,,,,,,,,,,,,,,,,,,,,,,,,,,,
,,,,,,,,,,,,,,,,,,,,,,,,,,,,,,,,,
,,,,,,,,,,,,,,,,,,,,,,,,,,,,,,,,,
,,,,,,,,,,,,,,,,,,,,,,,,,,,,,,,,,
,,,,,,,,,,,,,,,,,,,,,,,,,,,,,,,,,
,,,,,,,,,,,,,,,,,,,,,,,,,,,,,,,,,
,,,,,,,,,,,,,,,,,,,,,,,,,,,,,,,,,
,,,,,,,,,,,,,,,,,,,,,,,,,,,,,,,,,
,,,,,,,,,,,,,,,,,,,,,,,,,,,,,,,,,
,,,,,,,,,,,,,,,,,,,,,,,,,,,,,,,,,
,,,,,,,,,,,,,,,,,,,,,,,,,,,,,,,,,
,,,,,,,,,,,,,,,,,,,,,,,,,,,,,,,,,
,,,,,,,,,,,,,,,,,,,,,,,,,,,,,,,,,
,,,,,,,,,,,,,,,,,,,,,,,,,,,,,,,,,
,,,,,,,,,,,,,,,,,,,,,,,,,,,,,,,,,
,,,,,,,,,,,,,,,,,,,,,,,,,,,,,,,,,
,,,,,,,,,,,,,,,,,,,,,,,,,,,,,,,,,
,,,,,,,,,,,,,,,,,,,,,,,,,,,,,,,,,
,,,,,,,,,,,,,,,,,,,,,,,,,,,,,,,,,
,,,,,,,,,,,,,,,,,,,,,,,,,,,,,,,,,
,,,,,,,,,,,,,,,,,,,,,,,,,,,,,,,,,
,,,,,,,,,,,,,,,,,,,,,,,,,,,,,,,,,
,,,,,,,,,,,,,,,,,,,,,,,,,,,,,,,,,
,,,,,,,,,,,,,,,,,,,,,,,,,,,,,,,,,
,,,,,,,,,,,,,,,,,,,,,,,,,,,,,,,,,
,,,,,,,,,,,,,,,,,,,,,,,,,,,,,,,,,
,,,,,,,,,,,,,,,,,,,,,,,,,,,,,,,,,
,,,,,,,,,,,,,,,,,,,,,,,,,,,,,,,,,
,,,,,,,,,,,,,,,,,,,,,,,,,,,,,,,,,
,,,,,,,,,,,,,,,,,,,,,,,,,,,,,,,,,
,,,,,,,,,,,,,,,,,,,,,,,,,,,,,,,,,
,,,,,,,,,,,,,,,,,,,,,,,,,,,,,,,,,
,,,,,,,,,,,,,,,,,,,,,,,,,,,,,,,,,
,,,,,,,,,,,,,,,,,,,,,,,,,,,,,,,,,
,,,,,,,,,,,,,,,,,,,,,,,,,,,,,,,,,
,,,,,,,,,,,,,,,,,,,,,,,,,,,,,,,,,
,,,,,,,,,,,,,,,,,,,,,,,,,,,,,,,,,
,,,,,,,,,,,,,,,,,,,,,,,,,,,,,,,,,
,,,,,,,,,,,,,,,,,,,,,,,,,,,,,,,,,
,,,,,,,,,,,,,,,,,,,,,,,,,,,,,,,,,
,,,,,,,,,,,,,,,,,,,,,,,,,,,,,,,,,
,,,,,,,,,,,,,,,,,,,,,,,,,,,,,,,,,
,,,,,,,,,,,,,,,,,,,,,,,,,,,,,,,,,
,,,,,,,,,,,,,,,,,,,,,,,,,,,,,,,,,
,,,,,,,,,,,,,,,,,,,,,,,,,,,,,,,,,
,,,,,,,,,,,,,,,,,,,,,,,,,,,,,,,,,
,,,,,,,,,,,,,,,,,,,,,,,,,,,,,,,,,
,,,,,,,,,,,,,,,,,,,,,,,,,,,,,,,,,
,,,,,,,,,,,,,,,,,,,,,,,,,,,,,,,,,
,,,,,,,,,,,,,,,,,,,,,,,,,,,,,,,,,
,,,,,,,,,,,,,,,,,,,,,,,,,,,,,,,,,
,,,,,,,,,,,,,,,,,,,,,,,,,,,,,,,,,
,,,,,,,,,,,,,,,,,,,,,,,,,,,,,,,,,
,,,,,,,,,,,,,,,,,,,,,,,,,,,,,,,,,
,,,,,,,,,,,,,,,,,,,,,,,,,,,,,,,,,
,,,,,,,,,,,,,,,,,,,,,,,,,,,,,,,,,
,,,,,,,,,,,,,,,,,,,,,,,,,,,,,,,,,
,,,,,,,,,,,,,,,,,,,,,,,,,,,,,,,,,
,,,,,,,,,,,,,,,,,,,,,,,,,,,,,,,,,
,,,,,,,,,,,,,,,,,,,,,,,,,,,,,,,,,
,,,,,,,,,,,,,,,,,,,,,,,,,,,,,,,,,
,,,,,,,,,,,,,,,,,,,,,,,,,,,,,,,,,
,,,,,,,,,,,,,,,,,,,,,,,,,,,,,,,,,
,,,,,,,,,,,,,,,,,,,,,,,,,,,,,,,,,
,,,,,,,,,,,,,,,,,,,,,,,,,,,,,,,,,
,,,,,,,,,,,,,,,,,,,,,,,,,,,,,,,,,
,,,,,,,,,,,,,,,,,,,,,,,,,,,,,,,,,
,,,,,,,,,,,,,,,,,,,,,,,,,,,,,,,,,
,,,,,,,,,,,,,,,,,,,,,,,,,,,,,,,,,
,,,,,,,,,,,,,,,,,,,,,,,,,,,,,,,,,
,,,,,,,,,,,,,,,,,,,,,,,,,,,,,,,,,
,,,,,,,,,,,,,,,,,,,,,,,,,,,,,,,,,
,,,,,,,,,,,,,,,,,,,,,,,,,,,,,,,,,
,,,,,,,,,,,,,,,,,,,,,,,,,,,,,,,,,
,,,,,,,,,,,,,,,,,,,,,,,,,,,,,,,,,
,,,,,,,,,,,,,,,,,,,,,,,,,,,,,,,,,
,,,,,,,,,,,,,,,,,,,,,,,,,,,,,,,,,
,,,,,,,,,,,,,,,,,,,,,,,,,,,,,,,,,
,,,,,,,,,,,,,,,,,,,,,,,,,,,,,,,,,
,,,,,,,,,,,,,,,,,,,,,,,,,,,,,,,,,
,,,,,,,,,,,,,,,,,,,,,,,,,,,,,,,,,
,,,,,,,,,,,,,,,,,,,,,,,,,,,,,,,,,
,,,,,,,,,,,,,,,,,,,,,,,,,,,,,,,,,
,,,,,,,,,,,,,,,,,,,,,,,,,,,,,,,,,
,,,,,,,,,,,,,,,,,,,,,,,,,,,,,,,,,
,,,,,,,,,,,,,,,,,,,,,,,,,,,,,,,,,
,,,,,,,,,,,,,,,,,,,,,,,,,,,,,,,,,
,,,,,,,,,,,,,,,,,,,,,,,,,,,,,,,,,
,,,,,,,,,,,,,,,,,,,,,,,,,,,,,,,,,
,,,,,,,,,,,,,,,,,,,,,,,,,,,,,,,,,
,,,,,,,,,,,,,,,,,,,,,,,,,,,,,,,,,
,,,,,,,,,,,,,,,,,,,,,,,,,,,,,,,,,
,,,,,,,,,,,,,,,,,,,,,,,,,,,,,,,,,
,,,,,,,,,,,,,,,,,,,,,,,,,,,,,,,,,
,,,,,,,,,,,,,,,,,,,,,,,,,,,,,,,,,
,,,,,,,,,,,,,,,,,,,,,,,,,,,,,,,,,
,,,,,,,,,,,,,,,,,,,,,,,,,,,,,,,,,
,,,,,,,,,,,,,,,,,,,,,,,,,,,,,,,,,
,,,,,,,,,,,,,,,,,,,,,,,,,,,,,,,,,
,,,,,,,,,,,,,,,,,,,,,,,,,,,,,,,,,
,,,,,,,,,,,,,,,,,,,,,,,,,,,,,,,,,
,,,,,,,,,,,,,,,,,,,,,,,,,,,,,,,,,
,,,,,,,,,,,,,,,,,,,,,,,,,,,,,,,,,
,,,,,,,,,,,,,,,,,,,,,,,,,,,,,,,,,
,,,,,,,,,,,,,,,,,,,,,,,,,,,,,,,,,
,,,,,,,,,,,,,,,,,,,,,,,,,,,,,,,,,
,,,,,,,,,,,,,,,,,,,,,,,,,,,,,,,,,
,,,,,,,,,,,,,,,,,,,,,,,,,,,,,,,,,
,,,,,,,,,,,,,,,,,,,,,,,,,,,,,,,,,
,,,,,,,,,,,,,,,,,,,,,,,,,,,,,,,,,
,,,,,,,,,,,,,,,,,,,,,,,,,,,,,,,,,
,,,,,,,,,,,,,,,,,,,,,,,,,,,,,,,,,
,,,,,,,,,,,,,,,,,,,,,,,,,,,,,,,,,
,,,,,,,,,,,,,,,,,,,,,,,,,,,,,,,,,
,,,,,,,,,,,,,,,,,,,,,,,,,,,,,,,,,
,,,,,,,,,,,,,,,,,,,,,,,,,,,,,,,,,
,,,,,,,,,,,,,,,,,,,,,,,,,,,,,,,,,
,,,,,,,,,,,,,,,,,,,,,,,,,,,,,,,,,
,,,,,,,,,,,,,,,,,,,,,,,,,,,,,,,,,
,,,,,,,,,,,,,,,,,,,,,,,,,,,,,,,,,
,,,,,,,,,,,,,,,,,,,,,,,,,,,,,,,,,
,,,,,,,,,,,,,,,,,,,,,,,,,,,,,,,,,
,,,,,,,,,,,,,,,,,,,,,,,,,,,,,,,,,
,,,,,,,,,,,,,,,,,,,,,,,,,,,,,,,,,
,,,,,,,,,,,,,,,,,,,,,,,,,,,,,,,,,
,,,,,,,,,,,,,,,,,,,,,,,,,,,,,,,,,
,,,,,,,,,,,,,,,,,,,,,,,,,,,,,,,,,
,,,,,,,,,,,,,,,,,,,,,,,,,,,,,,,,,
,,,,,,,,,,,,,,,,,,,,,,,,,,,,,,,,,
,,,,,,,,,,,,,,,,,,,,,,,,,,,,,,,,,
,,,,,,,,,,,,,,,,,,,,,,,,,,,,,,,,,
,,,,,,,,,,,,,,,,,,,,,,,,,,,,,,,,,
,,,,,,,,,,,,,,,,,,,,,,,,,,,,,,,,,
,,,,,,,,,,,,,,,,,,,,,,,,,,,,,,,,,
,,,,,,,,,,,,,,,,,,,,,,,,,,,,,,,,,
,,,,,,,,,,,,,,,,,,,,,,,,,,,,,,,,,
,,,,,,,,,,,,,,,,,,,,,,,,,,,,,,,,,
,,,,,,,,,,,,,,,,,,,,,,,,,,,,,,,,,
,,,,,,,,,,,,,,,,,,,,,,,,,,,,,,,,,
,,,,,,,,,,,,,,,,,,,,,,,,,,,,,,,,,
,,,,,,,,,,,,,,,,,,,,,,,,,,,,,,,,,
,,,,,,,,,,,,,,,,,,,,,,,,,,,,,,,,,
,,,,,,,,,,,,,,,,,,,,,,,,,,,,,,,,,
,,,,,,,,,,,,,,,,,,,,,,,,,,,,,,,,,
,,,,,,,,,,,,,,,,,,,,,,,,,,,,,,,,,
,,,,,,,,,,,,,,,,,,,,,,,,,,,,,,,,,
,,,,,,,,,,,,,,,,,,,,,,,,,,,,,,,,,
,,,,,,,,,,,,,,,,,,,,,,,,,,,,,,,,,
,,,,,,,,,,,,,,,,,,,,,,,,,,,,,,,,,
,,,,,,,,,,,,,,,,,,,,,,,,,,,,,,,,,
,,,,,,,,,,,,,,,,,,,,,,,,,,,,,,,,,
,,,,,,,,,,,,,,,,,,,,,,,,,,,,,,,,,
,,,,,,,,,,,,,,,,,,,,,,,,,,,,,,,,,
,,,,,,,,,,,,,,,,,,,,,,,,,,,,,,,,,
,,,,,,,,,,,,,,,,,,,,,,,,,,,,,,,,,
,,,,,,,,,,,,,,,,,,,,,,,,,,,,,,,,,
,,,,,,,,,,,,,,,,,,,,,,,,,,,,,,,,,
,,,,,,,,,,,,,,,,,,,,,,,,,,,,,,,,,
,,,,,,,,,,,,,,,,,,,,,,,,,,,,,,,,,
,,,,,,,,,,,,,,,,,,,,,,,,,,,,,,,,,
,,,,,,,,,,,,,,,,,,,,,,,,,,,,,,,,,
,,,,,,,,,,,,,,,,,,,,,,,,,,,,,,,,,
,,,,,,,,,,,,,,,,,,,,,,,,,,,,,,,,,
,,,,,,,,,,,,,,,,,,,,,,,,,,,,,,,,,
,,,,,,,,,,,,,,,,,,,,,,,,,,,,,,,,,
,,,,,,,,,,,,,,,,,,,,,,,,,,,,,,,,,
,,,,,,,,,,,,,,,,,,,,,,,,,,,,,,,,,
,,,,,,,,,,,,,,,,,,,,,,,,,,,,,,,,,
,,,,,,,,,,,,,,,,,,,,,,,,,,,,,,,,,
,,,,,,,,,,,,,,,,,,,,,,,,,,,,,,,,,
,,,,,,,,,,,,,,,,,,,,,,,,,,,,,,,,,
,,,,,,,,,,,,,,,,,,,,,,,,,,,,,,,,,
,,,,,,,,,,,,,,,,,,,,,,,,,,,,,,,,,
,,,,,,,,,,,,,,,,,,,,,,,,,,,,,,,,,
,,,,,,,,,,,,,,,,,,,,,,,,,,,,,,,,,
,,,,,,,,,,,,,,,,,,,,,,,,,,,,,,,,,
,,,,,,,,,,,,,,,,,,,,,,,,,,,,,,,,,
,,,,,,,,,,,,,,,,,,,,,,,,,,,,,,,,,
,,,,,,,,,,,,,,,,,,,,,,,,,,,,,,,,,
,,,,,,,,,,,,,,,,,,,,,,,,,,,,,,,,,
,,,,,,,,,,,,,,,,,,,,,,,,,,,,,,,,,
,,,,,,,,,,,,,,,,,,,,,,,,,,,,,,,,,
,,,,,,,,,,,,,,,,,,,,,,,,,,,,,,,,,
,,,,,,,,,,,,,,,,,,,,,,,,,,,,,,,,,
,,,,,,,,,,,,,,,,,,,,,,,,,,,,,,,,,
,,,,,,,,,,,,,,,,,,,,,,,,,,,,,,,,,
,,,,,,,,,,,,,,,,,,,,,,,,,,,,,,,,,
,,,,,,,,,,,,,,,,,,,,,,,,,,,,,,,,,
,,,,,,,,,,,,,,,,,,,,,,,,,,,,,,,,,
,,,,,,,,,,,,,,,,,,,,,,,,,,,,,,,,,
,,,,,,,,,,,,,,,,,,,,,,,,,,,,,,,,,
,,,,,,,,,,,,,,,,,,,,,,,,,,,,,,,,,
,,,,,,,,,,,,,,,,,,,,,,,,,,,,,,,,,
,,,,,,,,,,,,,,,,,,,,,,,,,,,,,,,,,
,,,,,,,,,,,,,,,,,,,,,,,,,,,,,,,,,
,,,,,,,,,,,,,,,,,,,,,,,,,,,,,,,,,
,,,,,,,,,,,,,,,,,,,,,,,,,,,,,,,,,
,,,,,,,,,,,,,,,,,,,,,,,,,,,,,,,,,
,,,,,,,,,,,,,,,,,,,,,,,,,,,,,,,,,
,,,,,,,,,,,,,,,,,,,,,,,,,,,,,,,,,
,,,,,,,,,,,,,,,,,,,,,,,,,,,,,,,,,
,,,,,,,,,,,,,,,,,,,,,,,,,,,,,,,,,
,,,,,,,,,,,,,,,,,,,,,,,,,,,,,,,,,
,,,,,,,,,,,,,,,,,,,,,,,,,,,,,,,,,
,,,,,,,,,,,,,,,,,,,,,,,,,,,,,,,,,
,,,,,,,,,,,,,,,,,,,,,,,,,,,,,,,,,
,,,,,,,,,,,,,,,,,,,,,,,,,,,,,,,,,
,,,,,,,,,,,,,,,,,,,,,,,,,,,,,,,,,
,,,,,,,,,,,,,,,,,,,,,,,,,,,,,,,,,
,,,,,,,,,,,,,,,,,,,,,,,,,,,,,,,,,
,,,,,,,,,,,,,,,,,,,,,,,,,,,,,,,,,
,,,,,,,,,,,,,,,,,,,,,,,,,,,,,,,,,
,,,,,,,,,,,,,,,,,,,,,,,,,,,,,,,,,
,,,,,,,,,,,,,,,,,,,,,,,,,,,,,,,,,
,,,,,,,,,,,,,,,,,,,,,,,,,,,,,,,,,
,,,,,,,,,,,,,,,,,,,,,,,,,,,,,,,,,
,,,,,,,,,,,,,,,,,,,,,,,,,,,,,,,,,
,,,,,,,,,,,,,,,,,,,,,,,,,,,,,,,,,
,,,,,,,,,,,,,,,,,,,,,,,,,,,,,,,,,
,,,,,,,,,,,,,,,,,,,,,,,,,,,,,,,,,
,,,,,,,,,,,,,,,,,,,,,,,,,,,,,,,,,
,,,,,,,,,,,,,,,,,,,,,,,,,,,,,,,,,
,,,,,,,,,,,,,,,,,,,,,,,,,,,,,,,,,
,,,,,,,,,,,,,,,,,,,,,,,,,,,,,,,,,
,,,,,,,,,,,,,,,,,,,,,,,,,,,,,,,,,
,,,,,,,,,,,,,,,,,,,,,,,,,,,,,,,,,
,,,,,,,,,,,,,,,,,,,,,,,,,,,,,,,,,
,,,,,,,,,,,,,,,,,,,,,,,,,,,,,,,,,
,,,,,,,,,,,,,,,,,,,,,,,,,,,,,,,,,
,,,,,,,,,,,,,,,,,,,,,,,,,,,,,,,,,
,,,,,,,,,,,,,,,,,,,,,,,,,,,,,,,,,
,,,,,,,,,,,,,,,,,,,,,,,,,,,,,,,,,
,,,,,,,,,,,,,,,,,,,,,,,,,,,,,,,,,
,,,,,,,,,,,,,,,,,,,,,,,,,,,,,,,,,
,,,,,,,,,,,,,,,,,,,,,,,,,,,,,,,,,
,,,,,,,,,,,,,,,,,,,,,,,,,,,,,,,,,
,,,,,,,,,,,,,,,,,,,,,,,,,,,,,,,,,
,,,,,,,,,,,,,,,,,,,,,,,,,,,,,,,,,
,,,,,,,,,,,,,,,,,,,,,,,,,,,,,,,,,
,,,,,,,,,,,,,,,,,,,,,,,,,,,,,,,,,
,,,,,,,,,,,,,,,,,,,,,,,,,,,,,,,,,
,,,,,,,,,,,,,,,,,,,,,,,,,,,,,,,,,
,,,,,,,,,,,,,,,,,,,,,,,,,,,,,,,,,
,,,,,,,,,,,,,,,,,,,,,,,,,,,,,,,,,
,,,,,,,,,,,,,,,,,,,,,,,,,,,,,,,,,
,,,,,,,,,,,,,,,,,,,,,,,,,,,,,,,,,
,,,,,,,,,,,,,,,,,,,,,,,,,,,,,,,,,
,,,,,,,,,,,,,,,,,,,,,,,,,,,,,,,,,
,,,,,,,,,,,,,,,,,,,,,,,,,,,,,,,,,
,,,,,,,,,,,,,,,,,,,,,,,,,,,,,,,,,
,,,,,,,,,,,,,,,,,,,,,,,,,,,,,,,,,
,,,,,,,,,,,,,,,,,,,,,,,,,,,,,,,,,
,,,,,,,,,,,,,,,,,,,,,,,,,,,,,,,,,
,,,,,,,,,,,,,,,,,,,,,,,,,,,,,,,,,
,,,,,,,,,,,,,,,,,,,,,,,,,,,,,,,,,
,,,,,,,,,,,,,,,,,,,,,,,,,,,,,,,,,
,,,,,,,,,,,,,,,,,,,,,,,,,,,,,,,,,
,,,,,,,,,,,,,,,,,,,,,,,,,,,,,,,,,
,,,,,,,,,,,,,,,,,,,,,,,,,,,,,,,,,
,,,,,,,,,,,,,,,,,,,,,,,,,,,,,,,,,
,,,,,,,,,,,,,,,,,,,,,,,,,,,,,,,,,
,,,,,,,,,,,,,,,,,,,,,,,,,,,,,,,,,
,,,,,,,,,,,,,,,,,,,,,,,,,,,,,,,,,
,,,,,,,,,,,,,,,,,,,,,,,,,,,,,,,,,
,,,,,,,,,,,,,,,,,,,,,,,,,,,,,,,,,
,,,,,,,,,,,,,,,,,,,,,,,,,,,,,,,,,
,,,,,,,,,,,,,,,,,,,,,,,,,,,,,,,,,
,,,,,,,,,,,,,,,,,,,,,,,,,,,,,,,,,
,,,,,,,,,,,,,,,,,,,,,,,,,,,,,,,,,
,,,,,,,,,,,,,,,,,,,,,,,,,,,,,,,,,
,,,,,,,,,,,,,,,,,,,,,,,,,,,,,,,,,
,,,,,,,,,,,,,,,,,,,,,,,,,,,,,,,,,
,,,,,,,,,,,,,,,,,,,,,,,,,,,,,,,,,
,,,,,,,,,,,,,,,,,,,,,,,,,,,,,,,,,
,,,,,,,,,,,,,,,,,,,,,,,,,,,,,,,,,
,,,,,,,,,,,,,,,,,,,,,,,,,,,,,,,,,
,,,,,,,,,,,,,,,,,,,,,,,,,,,,,,,,,
,,,,,,,,,,,,,,,,,,,,,,,,,,,,,,,,,
,,,,,,,,,,,,,,,,,,,,,,,,,,,,,,,,,
,,,,,,,,,,,,,,,,,,,,,,,,,,,,,,,,,
,,,,,,,,,,,,,,,,,,,,,,,,,,,,,,,,,
,,,,,,,,,,,,,,,,,,,,,,,,,,,,,,,,,
,,,,,,,,,,,,,,,,,,,,,,,,,,,,,,,,,
,,,,,,,,,,,,,,,,,,,,,,,,,,,,,,,,,
,,,,,,,,,,,,,,,,,,,,,,,,,,,,,,,,,
,,,,,,,,,,,,,,,,,,,,,,,,,,,,,,,,,
,,,,,,,,,,,,,,,,,,,,,,,,,,,,,,,,,
,,,,,,,,,,,,,,,,,,,,,,,,,,,,,,,,,
,,,,,,,,,,,,,,,,,,,,,,,,,,,,,,,,,
,,,,,,,,,,,,,,,,,,,,,,,,,,,,,,,,,
,,,,,,,,,,,,,,,,,,,,,,,,,,,,,,,,,
,,,,,,,,,,,,,,,,,,,,,,,,,,,,,,,,,
,,,,,,,,,,,,,,,,,,,,,,,,,,,,,,,,,
,,,,,,,,,,,,,,,,,,,,,,,,,,,,,,,,,
,,,,,,,,,,,,,,,,,,,,,,,,,,,,,,,,,
,,,,,,,,,,,,,,,,,,,,,,,,,,,,,,,,,
,,,,,,,,,,,,,,,,,,,,,,,,,,,,,,,,,
,,,,,,,,,,,,,,,,,,,,,,,,,,,,,,,,,
,,,,,,,,,,,,,,,,,,,,,,,,,,,,,,,,,
,,,,,,,,,,,,,,,,,,,,,,,,,,,,,,,,,
,,,,,,,,,,,,,,,,,,,,,,,,,,,,,,,,,
,,,,,,,,,,,,,,,,,,,,,,,,,,,,,,,,,
,,,,,,,,,,,,,,,,,,,,,,,,,,,,,,,,,
,,,,,,,,,,,,,,,,,,,,,,,,,,,,,,,,,
,,,,,,,,,,,,,,,,,,,,,,,,,,,,,,,,,
,,,,,,,,,,,,,,,,,,,,,,,,,,,,,,,,,
,,,,,,,,,,,,,,,,,,,,,,,,,,,,,,,,,
,,,,,,,,,,,,,,,,,,,,,,,,,,,,,,,,,
,,,,,,,,,,,,,,,,,,,,,,,,,,,,,,,,,
,,,,,,,,,,,,,,,,,,,,,,,,,,,,,,,,,
,,,,,,,,,,,,,,,,,,,,,,,,,,,,,,,,,
,,,,,,,,,,,,,,,,,,,,,,,,,,,,,,,,,
,,,,,,,,,,,,,,,,,,,,,,,,,,,,,,,,,
,,,,,,,,,,,,,,,,,,,,,,,,,,,,,,,,,
,,,,,,,,,,,,,,,,,,,,,,,,,,,,,,,,,
,,,,,,,,,,,,,,,,,,,,,,,,,,,,,,,,,
,,,,,,,,,,,,,,,,,,,,,,,,,,,,,,,,,
,,,,,,,,,,,,,,,,,,,,,,,,,,,,,,,,,
,,,,,,,,,,,,,,,,,,,,,,,,,,,,,,,,,
,,,,,,,,,,,,,,,,,,,,,,,,,,,,,,,,,
,,,,,,,,,,,,,,,,,,,,,,,,,,,,,,,,,
,,,,,,,,,,,,,,,,,,,,,,,,,,,,,,,,,
,,,,,,,,,,,,,,,,,,,,,,,,,,,,,,,,,
,,,,,,,,,,,,,,,,,,,,,,,,,,,,,,,,,
,,,,,,,,,,,,,,,,,,,,,,,,,,,,,,,,,
,,,,,,,,,,,,,,,,,,,,,,,,,,,,,,,,,
,,,,,,,,,,,,,,,,,,,,,,,,,,,,,,,,,
,,,,,,,,,,,,,,,,,,,,,,,,,,,,,,,,,
,,,,,,,,,,,,,,,,,,,,,,,,,,,,,,,,,
,,,,,,,,,,,,,,,,,,,,,,,,,,,,,,,,,
,,,,,,,,,,,,,,,,,,,,,,,,,,,,,,,,,
,,,,,,,,,,,,,,,,,,,,,,,,,,,,,,,,,
,,,,,,,,,,,,,,,,,,,,,,,,,,,,,,,,,
,,,,,,,,,,,,,,,,,,,,,,,,,,,,,,,,,
,,,,,,,,,,,,,,,,,,,,,,,,,,,,,,,,,
,,,,,,,,,,,,,,,,,,,,,,,,,,,,,,,,,
,,,,,,,,,,,,,,,,,,,,,,,,,,,,,,,,,
,,,,,,,,,,,,,,,,,,,,,,,,,,,,,,,,,
,,,,,,,,,,,,,,,,,,,,,,,,,,,,,,,,,
,,,,,,,,,,,,,,,,,,,,,,,,,,,,,,,,,
,,,,,,,,,,,,,,,,,,,,,,,,,,,,,,,,,
,,,,,,,,,,,,,,,,,,,,,,,,,,,,,,,,,
,,,,,,,,,,,,,,,,,,,,,,,,,,,,,,,,,
,,,,,,,,,,,,,,,,,,,,,,,,,,,,,,,,,
,,,,,,,,,,,,,,,,,,,,,,,,,,,,,,,,,
,,,,,,,,,,,,,,,,,,,,,,,,,,,,,,,,,
,,,,,,,,,,,,,,,,,,,,,,,,,,,,,,,,,
,,,,,,,,,,,,,,,,,,,,,,,,,,,,,,,,,
,,,,,,,,,,,,,,,,,,,,,,,,,,,,,,,,,
,,,,,,,,,,,,,,,,,,,,,,,,,,,,,,,,,
,,,,,,,,,,,,,,,,,,,,,,,,,,,,,,,,,
,,,,,,,,,,,,,,,,,,,,,,,,,,,,,,,,,
,,,,,,,,,,,,,,,,,,,,,,,,,,,,,,,,,
,,,,,,,,,,,,,,,,,,,,,,,,,,,,,,,,,
,,,,,,,,,,,,,,,,,,,,,,,,,,,,,,,,,
,,,,,,,,,,,,,,,,,,,,,,,,,,,,,,,,,
,,,,,,,,,,,,,,,,,,,,,,,,,,,,,,,,,
,,,,,,,,,,,,,,,,,,,,,,,,,,,,,,,,,
,,,,,,,,,,,,,,,,,,,,,,,,,,,,,,,,,
,,,,,,,,,,,,,,,,,,,,,,,,,,,,,,,,,
,,,,,,,,,,,,,,,,,,,,,,,,,,,,,,,,,
,,,,,,,,,,,,,,,,,,,,,,,,,,,,,,,,,
,,,,,,,,,,,,,,,,,,,,,,,,,,,,,,,,,
,,,,,,,,,,,,,,,,,,,,,,,,,,,,,,,,,
,,,,,,,,,,,,,,,,,,,,,,,,,,,,,,,,,
,,,,,,,,,,,,,,,,,,,,,,,,,,,,,,,,,
,,,,,,,,,,,,,,,,,,,,,,,,,,,,,,,,,
,,,,,,,,,,,,,,,,,,,,,,,,,,,,,,,,,
,,,,,,,,,,,,,,,,,,,,,,,,,,,,,,,,,
,,,,,,,,,,,,,,,,,,,,,,,,,,,,,,,,,
,,,,,,,,,,,,,,,,,,,,,,,,,,,,,,,,,
,,,,,,,,,,,,,,,,,,,,,,,,,,,,,,,,,
,,,,,,,,,,,,,,,,,,,,,,,,,,,,,,,,,
,,,,,,,,,,,,,,,,,,,,,,,,,,,,,,,,,
,,,,,,,,,,,,,,,,,,,,,,,,,,,,,,,,,
,,,,,,,,,,,,,,,,,,,,,,,,,,,,,,,,,
,,,,,,,,,,,,,,,,,,,,,,,,,,,,,,,,,
,,,,,,,,,,,,,,,,,,,,,,,,,,,,,,,,,
,,,,,,,,,,,,,,,,,,,,,,,,,,,,,,,,,
,,,,,,,,,,,,,,,,,,,,,,,,,,,,,,,,,
,,,,,,,,,,,,,,,,,,,,,,,,,,,,,,,,,
,,,,,,,,,,,,,,,,,,,,,,,,,,,,,,,,,
,,,,,,,,,,,,,,,,,,,,,,,,,,,,,,,,,
,,,,,,,,,,,,,,,,,,,,,,,,,,,,,,,,,
,,,,,,,,,,,,,,,,,,,,,,,,,,,,,,,,,
,,,,,,,,,,,,,,,,,,,,,,,,,,,,,,,,,
,,,,,,,,,,,,,,,,,,,,,,,,,,,,,,,,,
,,,,,,,,,,,,,,,,,,,,,,,,,,,,,,,,,
,,,,,,,,,,,,,,,,,,,,,,,,,,,,,,,,,
,,,,,,,,,,,,,,,,,,,,,,,,,,,,,,,,,
,,,,,,,,,,,,,,,,,,,,,,,,,,,,,,,,,
,,,,,,,,,,,,,,,,,,,,,,,,,,,,,,,,,
,,,,,,,,,,,,,,,,,,,,,,,,,,,,,,,,,
,,,,,,,,,,,,,,,,,,,,,,,,,,,,,,,,,
,,,,,,,,,,,,,,,,,,,,,,,,,,,,,,,,,
,,,,,,,,,,,,,,,,,,,,,,,,,,,,,,,,,
,,,,,,,,,,,,,,,,,,,,,,,,,,,,,,,,,
,,,,,,,,,,,,,,,,,,,,,,,,,,,,,,,,,
,,,,,,,,,,,,,,,,,,,,,,,,,,,,,,,,,
,,,,,,,,,,,,,,,,,,,,,,,,,,,,,,,,,
,,,,,,,,,,,,,,,,,,,,,,,,,,,,,,,,,
,,,,,,,,,,,,,,,,,,,,,,,,,,,,,,,,,
,,,,,,,,,,,,,,,,,,,,,,,,,,,,,,,,,
,,,,,,,,,,,,,,,,,,,,,,,,,,,,,,,,,
,,,,,,,,,,,,,,,,,,,,,,,,,,,,,,,,,
,,,,,,,,,,,,,,,,,,,,,,,,,,,,,,,,,
,,,,,,,,,,,,,,,,,,,,,,,,,,,,,,,,,
,,,,,,,,,,,,,,,,,,,,,,,,,,,,,,,,,
,,,,,,,,,,,,,,,,,,,,,,,,,,,,,,,,,
,,,,,,,,,,,,,,,,,,,,,,,,,,,,,,,,,
,,,,,,,,,,,,,,,,,,,,,,,,,,,,,,,,,
,,,,,,,,,,,,,,,,,,,,,,,,,,,,,,,,,
,,,,,,,,,,,,,,,,,,,,,,,,,,,,,,,,,
,,,,,,,,,,,,,,,,,,,,,,,,,,,,,,,,,
,,,,,,,,,,,,,,,,,,,,,,,,,,,,,,,,,
,,,,,,,,,,,,,,,,,,,,,,,,,,,,,,,,,
,,,,,,,,,,,,,,,,,,,,,,,,,,,,,,,,,
,,,,,,,,,,,,,,,,,,,,,,,,,,,,,,,,,
,,,,,,,,,,,,,,,,,,,,,,,,,,,,,,,,,
,,,,,,,,,,,,,,,,,,,,,,,,,,,,,,,,,
,,,,,,,,,,,,,,,,,,,,,,,,,,,,,,,,,
,,,,,,,,,,,,,,,,,,,,,,,,,,,,,,,,,
,,,,,,,,,,,,,,,,,,,,,,,,,,,,,,,,,
,,,,,,,,,,,,,,,,,,,,,,,,,,,,,,,,,
,,,,,,,,,,,,,,,,,,,,,,,,,,,,,,,,,
,,,,,,,,,,,,,,,,,,,,,,,,,,,,,,,,,
,,,,,,,,,,,,,,,,,,,,,,,,,,,,,,,,,
,,,,,,,,,,,,,,,,,,,,,,,,,,,,,,,,,
,,,,,,,,,,,,,,,,,,,,,,,,,,,,,,,,,
,,,,,,,,,,,,,,,,,,,,,,,,,,,,,,,,,
,,,,,,,,,,,,,,,,,,,,,,,,,,,,,,,,,
,,,,,,,,,,,,,,,,,,,,,,,,,,,,,,,,,
,,,,,,,,,,,,,,,,,,,,,,,,,,,,,,,,,
,,,,,,,,,,,,,,,,,,,,,,,,,,,,,,,,,
,,,,,,,,,,,,,,,,,,,,,,,,,,,,,,,,,
,,,,,,,,,,,,,,,,,,,,,,,,,,,,,,,,,
,,,,,,,,,,,,,,,,,,,,,,,,,,,,,,,,,
,,,,,,,,,,,,,,,,,,,,,,,,,,,,,,,,,
,,,,,,,,,,,,,,,,,,,,,,,,,,,,,,,,,
,,,,,,,,,,,,,,,,,,,,,,,,,,,,,,,,,
,,,,,,,,,,,,,,,,,,,,,,,,,,,,,,,,,
,,,,,,,,,,,,,,,,,,,,,,,,,,,,,,,,,
,,,,,,,,,,,,,,,,,,,,,,,,,,,,,,,,,
,,,,,,,,,,,,,,,,,,,,,,,,,,,,,,,,,
,,,,,,,,,,,,,,,,,,,,,,,,,,,,,,,,,
,,,,,,,,,,,,,,,,,,,,,,,,,,,,,,,,,
,,,,,,,,,,,,,,,,,,,,,,,,,,,,,,,,,
,,,,,,,,,,,,,,,,,,,,,,,,,,,,,,,,,
,,,,,,,,,,,,,,,,,,,,,,,,,,,,,,,,,
,,,,,,,,,,,,,,,,,,,,,,,,,,,,,,,,,
,,,,,,,,,,,,,,,,,,,,,,,,,,,,,,,,,
,,,,,,,,,,,,,,,,,,,,,,,,,,,,,,,,,
,,,,,,,,,,,,,,,,,,,,,,,,,,,,,,,,,
,,,,,,,,,,,,,,,,,,,,,,,,,,,,,,,,,
,,,,,,,,,,,,,,,,,,,,,,,,,,,,,,,,,
,,,,,,,,,,,,,,,,,,,,,,,,,,,,,,,,,
,,,,,,,,,,,,,,,,,,,,,,,,,,,,,,,,,
,,,,,,,,,,,,,,,,,,,,,,,,,,,,,,,,,
,,,,,,,,,,,,,,,,,,,,,,,,,,,,,,,,,
,,,,,,,,,,,,,,,,,,,,,,,,,,,,,,,,,
,,,,,,,,,,,,,,,,,,,,,,,,,,,,,,,,,
,,,,,,,,,,,,,,,,,,,,,,,,,,,,,,,,,
,,,,,,,,,,,,,,,,,,,,,,,,,,,,,,,,,
,,,,,,,,,,,,,,,,,,,,,,,,,,,,,,,,,
,,,,,,,,,,,,,,,,,,,,,,,,,,,,,,,,,
,,,,,,,,,,,,,,,,,,,,,,,,,,,,,,,,,
,,,,,,,,,,,,,,,,,,,,,,,,,,,,,,,,,
,,,,,,,,,,,,,,,,,,,,,,,,,,,,,,,,,
,,,,,,,,,,,,,,,,,,,,,,,,,,,,,,,,,
,,,,,,,,,,,,,,,,,,,,,,,,,,,,,,,,,
,,,,,,,,,,,,,,,,,,,,,,,,,,,,,,,,,
,,,,,,,,,,,,,,,,,,,,,,,,,,,,,,,,,
,,,,,,,,,,,,,,,,,,,,,,,,,,,,,,,,,
,,,,,,,,,,,,,,,,,,,,,,,,,,,,,,,,,
,,,,,,,,,,,,,,,,,,,,,,,,,,,,,,,,,
,,,,,,,,,,,,,,,,,,,,,,,,,,,,,,,,,
,,,,,,,,,,,,,,,,,,,,,,,,,,,,,,,,,
,,,,,,,,,,,,,,,,,,,,,,,,,,,,,,,,,
,,,,,,,,,,,,,,,,,,,,,,,,,,,,,,,,,
,,,,,,,,,,,,,,,,,,,,,,,,,,,,,,,,,
,,,,,,,,,,,,,,,,,,,,,,,,,,,,,,,,,
,,,,,,,,,,,,,,,,,,,,,,,,,,,,,,,,,
,,,,,,,,,,,,,,,,,,,,,,,,,,,,,,,,,
,,,,,,,,,,,,,,,,,,,,,,,,,,,,,,,,,
,,,,,,,,,,,,,,,,,,,,,,,,,,,,,,,,,
,,,,,,,,,,,,,,,,,,,,,,,,,,,,,,,,,
,,,,,,,,,,,,,,,,,,,,,,,,,,,,,,,,,
,,,,,,,,,,,,,,,,,,,,,,,,,,,,,,,,,
,,,,,,,,,,,,,,,,,,,,,,,,,,,,,,,,,
,,,,,,,,,,,,,,,,,,,,,,,,,,,,,,,,,
,,,,,,,,,,,,,,,,,,,,,,,,,,,,,,,,,
,,,,,,,,,,,,,,,,,,,,,,,,,,,,,,,,,
,,,,,,,,,,,,,,,,,,,,,,,,,,,,,,,,,
,,,,,,,,,,,,,,,,,,,,,,,,,,,,,,,,,
,,,,,,,,,,,,,,,,,,,,,,,,,,,,,,,,,
,,,,,,,,,,,,,,,,,,,,,,,,,,,,,,,,,
,,,,,,,,,,,,,,,,,,,,,,,,,,,,,,,,,
,,,,,,,,,,,,,,,,,,,,,,,,,,,,,,,,,
,,,,,,,,,,,,,,,,,,,,,,,,,,,,,,,,,
,,,,,,,,,,,,,,,,,,,,,,,,,,,,,,,,,
,,,,,,,,,,,,,,,,,,,,,,,,,,,,,,,,,
,,,,,,,,,,,,,,,,,,,,,,,,,,,,,,,,,
,,,,,,,,,,,,,,,,,,,,,,,,,,,,,,,,,
,,,,,,,,,,,,,,,,,,,,,,,,,,,,,,,,,
,,,,,,,,,,,,,,,,,,,,,,,,,,,,,,,,,
,,,,,,,,,,,,,,,,,,,,,,,,,,,,,,,,,
,,,,,,,,,,,,,,,,,,,,,,,,,,,,,,,,,
,,,,,,,,,,,,,,,,,,,,,,,,,,,,,,,,,
,,,,,,,,,,,,,,,,,,,,,,,,,,,,,,,,,
,,,,,,,,,,,,,,,,,,,,,,,,,,,,,,,,,
,,,,,,,,,,,,,,,,,,,,,,,,,,,,,,,,,
,,,,,,,,,,,,,,,,,,,,,,,,,,,,,,,,,
,,,,,,,,,,,,,,,,,,,,,,,,,,,,,,,,,
,,,,,,,,,,,,,,,,,,,,,,,,,,,,,,,,,
,,,,,,,,,,,,,,,,,,,,,,,,,,,,,,,,,
,,,,,,,,,,,,,,,,,,,,,,,,,,,,,,,,,
,,,,,,,,,,,,,,,,,,,,,,,,,,,,,,,,,
,,,,,,,,,,,,,,,,,,,,,,,,,,,,,,,,,
,,,,,,,,,,,,,,,,,,,,,,,,,,,,,,,,,
,,,,,,,,,,,,,,,,,,,,,,,,,,,,,,,,,
,,,,,,,,,,,,,,,,,,,,,,,,,,,,,,,,,
,,,,,,,,,,,,,,,,,,,,,,,,,,,,,,,,,
,,,,,,,,,,,,,,,,,,,,,,,,,,,,,,,,,
,,,,,,,,,,,,,,,,,,,,,,,,,,,,,,,,,
,,,,,,,,,,,,,,,,,,,,,,,,,,,,,,,,,
,,,,,,,,,,,,,,,,,,,,,,,,,,,,,,,,,
,,,,,,,,,,,,,,,,,,,,,,,,,,,,,,,,,
,,,,,,,,,,,,,,,,,,,,,,,,,,,,,,,,,
,,,,,,,,,,,,,,,,,,,,,,,,,,,,,,,,,
,,,,,,,,,,,,,,,,,,,,,,,,,,,,,,,,,
,,,,,,,,,,,,,,,,,,,,,,,,,,,,,,,,,
,,,,,,,,,,,,,,,,,,,,,,,,,,,,,,,,,
,,,,,,,,,,,,,,,,,,,,,,,,,,,,,,,,,
,,,,,,,,,,,,,,,,,,,,,,,,,,,,,,,,,
,,,,,,,,,,,,,,,,,,,,,,,,,,,,,,,,,
,,,,,,,,,,,,,,,,,,,,,,,,,,,,,,,,,
,,,,,,,,,,,,,,,,,,,,,,,,,,,,,,,,,
,,,,,,,,,,,,,,,,,,,,,,,,,,,,,,,,,
,,,,,,,,,,,,,,,,,,,,,,,,,,,,,,,,,
,,,,,,,,,,,,,,,,,,,,,,,,,,,,,,,,,
,,,,,,,,,,,,,,,,,,,,,,,,,,,,,,,,,
,,,,,,,,,,,,,,,,,,,,,,,,,,,,,,,,,
,,,,,,,,,,,,,,,,,,,,,,,,,,,,,,,,,
,,,,,,,,,,,,,,,,,,,,,,,,,,,,,,,,,
,,,,,,,,,,,,,,,,,,,,,,,,,,,,,,,,,
,,,,,,,,,,,,,,,,,,,,,,,,,,,,,,,,,
,,,,,,,,,,,,,,,,,,,,,,,,,,,,,,,,,
,,,,,,,,,,,,,,,,,,,,,,,,,,,,,,,,,
,,,,,,,,,,,,,,,,,,,,,,,,,,,,,,,,,
,,,,,,,,,,,,,,,,,,,,,,,,,,,,,,,,,
,,,,,,,,,,,,,,,,,,,,,,,,,,,,,,,,,
,,,,,,,,,,,,,,,,,,,,,,,,,,,,,,,,,
,,,,,,,,,,,,,,,,,,,,,,,,,,,,,,,,,
,,,,,,,,,,,,,,,,,,,,,,,,,,,,,,,,,
,,,,,,,,,,,,,,,,,,,,,,,,,,,,,,,,,
,,,,,,,,,,,,,,,,,,,,,,,,,,,,,,,,,
,,,,,,,,,,,,,,,,,,,,,,,,,,,,,,,,,
,,,,,,,,,,,,,,,,,,,,,,,,,,,,,,,,,
,,,,,,,,,,,,,,,,,,,,,,,,,,,,,,,,,
,,,,,,,,,,,,,,,,,,,,,,,,,,,,,,,,,
,,,,,,,,,,,,,,,,,,,,,,,,,,,,,,,,,
,,,,,,,,,,,,,,,,,,,,,,,,,,,,,,,,,
,,,,,,,,,,,,,,,,,,,,,,,,,,,,,,,,,
,,,,,,,,,,,,,,,,,,,,,,,,,,,,,,,,,
,,,,,,,,,,,,,,,,,,,,,,,,,,,,,,,,,
,,,,,,,,,,,,,,,,,,,,,,,,,,,,,,,,,
,,,,,,,,,,,,,,,,,,,,,,,,,,,,,,,,,
,,,,,,,,,,,,,,,,,,,,,,,,,,,,,,,,,
,,,,,,,,,,,,,,,,,,,,,,,,,,,,,,,,,
,,,,,,,,,,,,,,,,,,,,,,,,,,,,,,,,,
,,,,,,,,,,,,,,,,,,,,,,,,,,,,,,,,,
,,,,,,,,,,,,,,,,,,,,,,,,,,,,,,,,,
,,,,,,,,,,,,,,,,,,,,,,,,,,,,,,,,,
,,,,,,,,,,,,,,,,,,,,,,,,,,,,,,,,,
,,,,,,,,,,,,,,,,,,,,,,,,,,,,,,,,,
,,,,,,,,,,,,,,,,,,,,,,,,,,,,,,,,,
,,,,,,,,,,,,,,,,,,,,,,,,,,,,,,,,,
,,,,,,,,,,,,,,,,,,,,,,,,,,,,,,,,,
,,,,,,,,,,,,,,,,,,,,,,,,,,,,,,,,,
,,,,,,,,,,,,,,,,,,,,,,,,,,,,,,,,,
,,,,,,,,,,,,,,,,,,,,,,,,,,,,,,,,,
,,,,,,,,,,,,,,,,,,,,,,,,,,,,,,,,,
,,,,,,,,,,,,,,,,,,,,,,,,,,,,,,,,,
,,,,,,,,,,,,,,,,,,,,,,,,,,,,,,,,,
,,,,,,,,,,,,,,,,,,,,,,,,,,,,,,,,,
,,,,,,,,,,,,,,,,,,,,,,,,,,,,,,,,,
,,,,,,,,,,,,,,,,,,,,,,,,,,,,,,,,,
,,,,,,,,,,,,,,,,,,,,,,,,,,,,,,,,,
,,,,,,,,,,,,,,,,,,,,,,,,,,,,,,,,,
,,,,,,,,,,,,,,,,,,,,,,,,,,,,,,,,,
,,,,,,,,,,,,,,,,,,,,,,,,,,,,,,,,,
,,,,,,,,,,,,,,,,,,,,,,,,,,,,,,,,,
,,,,,,,,,,,,,,,,,,,,,,,,,,,,,,,,,
,,,,,,,,,,,,,,,,,,,,,,,,,,,,,,,,,
,,,,,,,,,,,,,,,,,,,,,,,,,,,,,,,,,
,,,,,,,,,,,,,,,,,,,,,,,,,,,,,,,,,
,,,,,,,,,,,,,,,,,,,,,,,,,,,,,,,,,
,,,,,,,,,,,,,,,,,,,,,,,,,,,,,,,,,
,,,,,,,,,,,,,,,,,,,,,,,,,,,,,,,,,
,,,,,,,,,,,,,,,,,,,,,,,,,,,,,,,,,
,,,,,,,,,,,,,,,,,,,,,,,,,,,,,,,,,
,,,,,,,,,,,,,,,,,,,,,,,,,,,,,,,,,
,,,,,,,,,,,,,,,,,,,,,,,,,,,,,,,,,
,,,,,,,,,,,,,,,,,,,,,,,,,,,,,,,,,
,,,,,,,,,,,,,,,,,,,,,,,,,,,,,,,,,
,,,,,,,,,,,,,,,,,,,,,,,,,,,,,,,,,
,,,,,,,,,,,,,,,,,,,,,,,,,,,,,,,,,
,,,,,,,,,,,,,,,,,,,,,,,,,,,,,,,,,
,,,,,,,,,,,,,,,,,,,,,,,,,,,,,,,,,
,,,,,,,,,,,,,,,,,,,,,,,,,,,,,,,,,
,,,,,,,,,,,,,,,,,,,,,,,,,,,,,,,,,
,,,,,,,,,,,,,,,,,,,,,,,,,,,,,,,,,
,,,,,,,,,,,,,,,,,,,,,,,,,,,,,,,,,
,,,,,,,,,,,,,,,,,,,,,,,,,,,,,,,,,
,,,,,,,,,,,,,,,,,,,,,,,,,,,,,,,,,
,,,,,,,,,,,,,,,,,,,,,,,,,,,,,,,,,
,,,,,,,,,,,,,,,,,,,,,,,,,,,,,,,,,
,,,,,,,,,,,,,,,,,,,,,,,,,,,,,,,,,
,,,,,,,,,,,,,,,,,,,,,,,,,,,,,,,,,
,,,,,,,,,,,,,,,,,,,,,,,,,,,,,,,,,
,,,,,,,,,,,,,,,,,,,,,,,,,,,,,,,,,
,,,,,,,,,,,,,,,,,,,,,,,,,,,,,,,,,
,,,,,,,,,,,,,,,,,,,,,,,,,,,,,,,,,
,,,,,,,,,,,,,,,,,,,,,,,,,,,,,,,,,
,,,,,,,,,,,,,,,,,,,,,,,,,,,,,,,,,
,,,,,,,,,,,,,,,,,,,,,,,,,,,,,,,,,
,,,,,,,,,,,,,,,,,,,,,,,,,,,,,,,,,
,,,,,,,,,,,,,,,,,,,,,,,,,,,,,,,,,
,,,,,,,,,,,,,,,,,,,,,,,,,,,,,,,,,
,,,,,,,,,,,,,,,,,,,,,,,,,,,,,,,,,
,,,,,,,,,,,,,,,,,,,,,,,,,,,,,,,,,
,,,,,,,,,,,,,,,,,,,,,,,,,,,,,,,,,
,,,,,,,,,,,,,,,,,,,,,,,,,,,,,,,,,
,,,,,,,,,,,,,,,,,,,,,,,,,,,,,,,,,
,,,,,,,,,,,,,,,,,,,,,,,,,,,,,,,,,
,,,,,,,,,,,,,,,,,,,,,,,,,,,,,,,,,
,,,,,,,,,,,,,,,,,,,,,,,,,,,,,,,,,
,,,,,,,,,,,,,,,,,,,,,,,,,,,,,,,,,
,,,,,,,,,,,,,,,,,,,,,,,,,,,,,,,,,
,,,,,,,,,,,,,,,,,,,,,,,,,,,,,,,,,
,,,,,,,,,,,,,,,,,,,,,,,,,,,,,,,,,
,,,,,,,,,,,,,,,,,,,,,,,,,,,,,,,,,
,,,,,,,,,,,,,,,,,,,,,,,,,,,,,,,,,
,,,,,,,,,,,,,,,,,,,,,,,,,,,,,,,,,
,,,,,,,,,,,,,,,,,,,,,,,,,,,,,,,,,
,,,,,,,,,,,,,,,,,,,,,,,,,,,,,,,,,
,,,,,,,,,,,,,,,,,,,,,,,,,,,,,,,,,
,,,,,,,,,,,,,,,,,,,,,,,,,,,,,,,,,
,,,,,,,,,,,,,,,,,,,,,,,,,,,,,,,,,
,,,,,,,,,,,,,,,,,,,,,,,,,,,,,,,,,
,,,,,,,,,,,,,,,,,,,,,,,,,,,,,,,,,
,,,,,,,,,,,,,,,,,,,,,,,,,,,,,,,,,
,,,,,,,,,,,,,,,,,,,,,,,,,,,,,,,,,
,,,,,,,,,,,,,,,,,,,,,,,,,,,,,,,,,
,,,,,,,,,,,,,,,,,,,,,,,,,,,,,,,,,
,,,,,,,,,,,,,,,,,,,,,,,,,,,,,,,,,
,,,,,,,,,,,,,,,,,,,,,,,,,,,,,,,,,
,,,,,,,,,,,,,,,,,,,,,,,,,,,,,,,,,
,,,,,,,,,,,,,,,,,,,,,,,,,,,,,,,,,
,,,,,,,,,,,,,,,,,,,,,,,,,,,,,,,,,
,,,,,,,,,,,,,,,,,,,,,,,,,,,,,,,,,
,,,,,,,,,,,,,,,,,,,,,,,,,,,,,,,,,
,,,,,,,,,,,,,,,,,,,,,,,,,,,,,,,,,
,,,,,,,,,,,,,,,,,,,,,,,,,,,,,,,,,
,,,,,,,,,,,,,,,,,,,,,,,,,,,,,,,,,
,,,,,,,,,,,,,,,,,,,,,,,,,,,,,,,,,
,,,,,,,,,,,,,,,,,,,,,,,,,,,,,,,,,
,,,,,,,,,,,,,,,,,,,,,,,,,,,,,,,,,
,,,,,,,,,,,,,,,,,,,,,,,,,,,,,,,,,
,,,,,,,,,,,,,,,,,,,,,,,,,,,,,,,,,
,,,,,,,,,,,,,,,,,,,,,,,,,,,,,,,,,
,,,,,,,,,,,,,,,,,,,,,,,,,,,,,,,,,
,,,,,,,,,,,,,,,,,,,,,,,,,,,,,,,,,
,,,,,,,,,,,,,,,,,,,,,,,,,,,,,,,,,
,,,,,,,,,,,,,,,,,,,,,,,,,,,,,,,,,
,,,,,,,,,,,,,,,,,,,,,,,,,,,,,,,,,
,,,,,,,,,,,,,,,,,,,,,,,,,,,,,,,,,
,,,,,,,,,,,,,,,,,,,,,,,,,,,,,,,,,
,,,,,,,,,,,,,,,,,,,,,,,,,,,,,,,,,
,,,,,,,,,,,,,,,,,,,,,,,,,,,,,,,,,
,,,,,,,,,,,,,,,,,,,,,,,,,,,,,,,,,
,,,,,,,,,,,,,,,,,,,,,,,,,,,,,,,,,
,,,,,,,,,,,,,,,,,,,,,,,,,,,,,,,,,
,,,,,,,,,,,,,,,,,,,,,,,,,,,,,,,,,
,,,,,,,,,,,,,,,,,,,,,,,,,,,,,,,,,
,,,,,,,,,,,,,,,,,,,,,,,,,,,,,,,,,
,,,,,,,,,,,,,,,,,,,,,,,,,,,,,,,,,
,,,,,,,,,,,,,,,,,,,,,,,,,,,,,,,,,
,,,,,,,,,,,,,,,,,,,,,,,,,,,,,,,,,
,,,,,,,,,,,,,,,,,,,,,,,,,,,,,,,,,
,,,,,,,,,,,,,,,,,,,,,,,,,,,,,,,,,
,,,,,,,,,,,,,,,,,,,,,,,,,,,,,,,,,
,,,,,,,,,,,,,,,,,,,,,,,,,,,,,,,,,
,,,,,,,,,,,,,,,,,,,,,,,,,,,,,,,,,
,,,,,,,,,,,,,,,,,,,,,,,,,,,,,,,,,
,,,,,,,,,,,,,,,,,,,,,,,,,,,,,,,,,
,,,,,,,,,,,,,,,,,,,,,,,,,,,,,,,,,
,,,,,,,,,,,,,,,,,,,,,,,,,,,,,,,,,
,,,,,,,,,,,,,,,,,,,,,,,,,,,,,,,,,
,,,,,,,,,,,,,,,,,,,,,,,,,,,,,,,,,
,,,,,,,,,,,,,,,,,,,,,,,,,,,,,,,,,
,,,,,,,,,,,,,,,,,,,,,,,,,,,,,,,,,
,,,,,,,,,,,,,,,,,,,,,,,,,,,,,,,,,
,,,,,,,,,,,,,,,,,,,,,,,,,,,,,,,,,
,,,,,,,,,,,,,,,,,,,,,,,,,,,,,,,,,
,,,,,,,,,,,,,,,,,,,,,,,,,,,,,,,,,
,,,,,,,,,,,,,,,,,,,,,,,,,,,,,,,,,
,,,,,,,,,,,,,,,,,,,,,,,,,,,,,,,,,
,,,,,,,,,,,,,,,,,,,,,,,,,,,,,,,,,
,,,,,,,,,,,,,,,,,,,,,,,,,,,,,,,,,
,,,,,,,,,,,,,,,,,,,,,,,,,,,,,,,,,
,,,,,,,,,,,,,,,,,,,,,,,,,,,,,,,,,
,,,,,,,,,,,,,,,,,,,,,,,,,,,,,,,,,
,,,,,,,,,,,,,,,,,,,,,,,,,,,,,,,,,
,,,,,,,,,,,,,,,,,,,,,,,,,,,,,,,,,
,,,,,,,,,,,,,,,,,,,,,,,,,,,,,,,,,
,,,,,,,,,,,,,,,,,,,,,,,,,,,,,,,,,
,,,,,,,,,,,,,,,,,,,,,,,,,,,,,,,,,
,,,,,,,,,,,,,,,,,,,,,,,,,,,,,,,,,
,,,,,,,,,,,,,,,,,,,,,,,,,,,,,,,,,
,,,,,,,,,,,,,,,,,,,,,,,,,,,,,,,,,
,,,,,,,,,,,,,,,,,,,,,,,,,,,,,,,,,
,,,,,,,,,,,,,,,,,,,,,,,,,,,,,,,,,
,,,,,,,,,,,,,,,,,,,,,,,,,,,,,,,,,
,,,,,,,,,,,,,,,,,,,,,,,,,,,,,,,,,
,,,,,,,,,,,,,,,,,,,,,,,,,,,,,,,,,
,,,,,,,,,,,,,,,,,,,,,,,,,,,,,,,,,
,,,,,,,,,,,,,,,,,,,,,,,,,,,,,,,,,
,,,,,,,,,,,,,,,,,,,,,,,,,,,,,,,,,
